Instance,abstractMethods_max,abstractMethods_mean,defaultMethods_sum,anonymousClassesQty_sum,cbo_max,cbo_sum,comparisonsQty_max,defaultMethods_max,cbo_mean,Label
apache-storm_1.1.1,12,12,0,368,188,13675,47,0,188,euclidean
apache-storm_1.1.2,12,12,0,373,188,13930,47,0,188,cosine
apache-storm_1.1.3,12,12,0,377,188,13974,47,0,188,cosine
apache-storm_1.1.4,12,12,0,377,188,13975,47,0,188,cosine
apache-storm_1.2.0,12,12,0,377,188,14345,47,0,188,cosine
apache-storm_1.2.1,12,12,0,377,188,14346,47,0,188,cosine
apache-storm_1.2.2,12,12,0,385,188,14420,47,0,188,cosine
apache-storm_1.2.3,12,12,0,386,74,13993,48,0,74,cosine
apache-storm_2.0.0,14,14,24,376,171,18412,77,4,171,cosine
apache-cassandra_3.11.4,18,18,55,986,187,25267,77,10,187,euclidean
apache-cassandra_3.2,15,15,21,786,187,19845,77,4,187,euclidean
apache-cassandra_3.2.1,15,15,21,786,187,19845,77,4,187,euclidean
apache-cassandra_3.3,15,15,21,796,187,19964,77,4,187,euclidean
apache-cassandra_3.4,15,15,25,912,187,21509,77,4,187,euclidean
apache-cassandra_3.5,15,15,25,915,187,21649,77,4,187,euclidean
apache-cassandra_3.6,15,15,37,928,187,22082,77,10,187,euclidean
apache-cassandra_3.7,16,16,37,928,187,22217,77,10,187,euclidean
apache-cassandra_3.8,17,17,39,938,187,22637,77,10,187,euclidean
airbnb-lottie-android_2.6.1,1,1,0,50,50,1621,30,0,50,l2
airbnb-lottie-android_2.7.0,1,1,0,49,50,1619,30,0,50,cosine
airbnb-lottie-android_3.0.1,1,1,0,49,53,1618,37,0,53,cosine
airbnb-lottie-android_3.0.2,1,1,0,49,53,1630,37,0,53,l2
airbnb-lottie-android_3.0.3,1,1,0,49,53,1631,37,0,53,l2
airbnb-lottie-android_3.0.4,14,14,0,52,53,1702,108,0,53,l1
airbnb-lottie-android_3.0.5,14,14,0,52,53,1702,108,0,53,l2
airbnb-lottie-android_3.0.6,14,14,0,52,53,1702,108,0,53,euclidean
apache-isis_1.15.1,26,26,0,1001,191,24432,30,0,191,cosine
apache-isis_1.16.0,26,26,0,1039,191,25036,31,0,191,euclidean
apache-isis_1.16.1,26,26,0,1054,193,25463,31,0,193,cosine
apache-isis_1.16.2,26,26,0,1056,193,25577,31,0,193,cosine
apache-isis_1.17.0,26,26,0,1084,182,25810,31,0,182,cosine
apache-isis_1.6.0,21,21,0,1181,199,35581,28,0,199,cosine
apache-isis_1.7.0,21,21,0,1165,205,35289,28,0,205,cosine
apache-isis_1.8.0,21,21,0,1270,193,37785,28,0,193,cosine
apache-isis_1.9.0,21,21,0,1307,195,38237,57,0,195,cosine
apache-jmeter_2.8,7,7,0,142,84,6979,38,0,84,euclidean
apache-jmeter_2.9,7,7,0,147,84,7116,38,0,84,euclidean
apache-jmeter_3.0,7,7,0,196,98,8081,38,0,98,cosine
apache-jmeter_3.1,7,7,0,201,102,8186,38,0,102,cosine
apache-jmeter_3.2,15,15,21,786,187,19845,77,4,187,cosine
apache-jmeter_3.2,15,19,21,786,187,19845,77,4,105,cosine
apache-jmeter_3.2,15,15,21,786,187,19845,77,4,187,cosine
apache-jmeter_3.2,15,19,21,786,187,19845,77,4,105,cosine
apache-jmeter_3.2,19,15,21,786,105,19845,38,1,187,cosine
apache-jmeter_3.2,19,19,21,786,105,19845,38,1,105,cosine
apache-jmeter_3.2,19,15,21,786,105,19845,38,1,187,cosine
apache-jmeter_3.2,19,19,21,786,105,19845,38,1,105,cosine
apache-jmeter_3.2,15,15,3,110,187,8168,77,4,187,cosine
apache-jmeter_3.2,15,19,3,110,187,8168,77,4,105,cosine
apache-jmeter_3.2,15,15,3,110,187,8168,77,4,187,cosine
apache-jmeter_3.2,15,19,3,110,187,8168,77,4,105,cosine
apache-jmeter_3.2,19,15,3,110,105,8168,38,1,187,cosine
apache-jmeter_3.2,19,19,3,110,105,8168,38,1,105,cosine
apache-jmeter_3.2,19,15,3,110,105,8168,38,1,187,cosine
apache-jmeter_3.2,19,19,3,110,105,8168,38,1,105,cosine
apache-jmeter_3.3,15,15,21,796,187,19964,77,4,187,l2
apache-jmeter_3.3,15,19,21,796,187,19964,77,4,108,l2
apache-jmeter_3.3,15,15,21,796,187,19964,77,4,187,l2
apache-jmeter_3.3,15,19,21,796,187,19964,77,4,108,l2
apache-jmeter_3.3,19,15,21,796,108,19964,38,1,187,l2
apache-jmeter_3.3,19,19,21,796,108,19964,38,1,108,l2
apache-jmeter_3.3,19,15,21,796,108,19964,38,1,187,l2
apache-jmeter_3.3,19,19,21,796,108,19964,38,1,108,l2
apache-jmeter_3.3,15,15,3,105,187,8311,77,4,187,l2
apache-jmeter_3.3,15,19,3,105,187,8311,77,4,108,l2
apache-jmeter_3.3,15,15,3,105,187,8311,77,4,187,l2
apache-jmeter_3.3,15,19,3,105,187,8311,77,4,108,l2
apache-jmeter_3.3,19,15,3,105,108,8311,38,1,187,l2
apache-jmeter_3.3,19,19,3,105,108,8311,38,1,108,l2
apache-jmeter_3.3,19,15,3,105,108,8311,38,1,187,l2
apache-jmeter_3.3,19,19,3,105,108,8311,38,1,108,l2
apache-jmeter_4.0,19,19,5,106,108,8575,38,1,108,euclidean
apache-jmeter_5.0,19,19,6,106,116,8735,38,1,116,euclidean
apache-jmeter_5.1,19,19,6,106,116,8883,38,1,116,cosine
apache-log4j_1.2.14,4,4,0,64,30,1650,26,0,30,l1
apache-log4j_1.2.4,4,4,0,60,28,1400,26,0,28,euclidean
apache-log4j_1.2.6,4,4,0,58,28,1410,26,0,28,euclidean
apache-log4j_1.2.7,4,4,0,58,28,1445,26,0,28,l2
apache-maven_3.3.9,2,2,0,47,82,6094,114,0,82,l1
apache-maven_3.5.0,2,2,0,51,82,6155,114,0,82,l1
apache-maven_3.5.1,2,2,0,51,82,6182,114,0,82,l1
apache-maven_3.5.2,2,2,0,51,82,6179,114,0,82,l1
apache-maven_3.5.3,2,2,0,46,82,6186,114,0,82,l1
apache-maven_3.6.0,2,2,0,48,82,6190,114,0,82,l1
apache-maven_3.6.1,2,2,0,49,82,6207,119,0,82,l1
apache-spark_2.3.0,39,39,27,117,92,9604,61,4,92,l1
apache-spark_2.3.3,39,39,27,117,92,9604,61,4,92,l1
apache-spark_2.4.2,39,39,27,117,92,9604,61,4,92,l1
apache-spark_2.4.3,39,39,27,117,92,9604,61,4,92,l1
apache-spark_2.4.4,39,39,27,117,92,9604,61,4,92,l1
apache-tomcat_9.0.21,19,19,38,281,68,12866,119,4,68,l1
apache-tomcat_9.0.22,19,19,38,281,68,12957,120,4,68,l1
apache-tomcat_9.0.23,19,19,40,281,69,13029,120,4,69,l1
apache-tomcat_9.0.24,19,19,40,281,69,13041,120,4,69,l1
apache-tomcat_9.0.25,19,19,40,281,69,13060,120,4,69,l1
apache-tomcat_9.0.26,19,19,40,281,69,13060,120,4,69,l1
apache-tomcat_9.0.6,19,19,32,253,68,11993,98,4,68,l1
apache-tomcat_9.0.7,19,19,32,259,68,12081,98,4,68,l1
apache-tomcat_9.0.8,19,19,32,259,68,12087,129,4,68,l1
rzwitserloot-lombok_1.16.22,10,10,6,173,146,4343,86,2,146,l1
rzwitserloot-lombok_1.16.4,6,6,3,148,147,3732,71,2,147,l1
rzwitserloot-lombok_1.16.6,6,6,3,151,147,3796,71,2,147,l1
rzwitserloot-lombok_1.16.8,6,6,4,157,147,3889,71,2,147,l1
rzwitserloot-lombok_1.18.0,10,10,6,176,146,4378,87,2,146,l1
rzwitserloot-lombok_1.18.10,12,12,8,196,149,5194,100,2,149,cosine
rzwitserloot-lombok_1.18.2,10,10,6,186,146,4683,87,2,146,l1
rzwitserloot-lombok_1.18.6,12,12,8,193,149,5000,95,2,149,l1
apache-tika_1.2,2,2,0,58,52,3023,45,0,52,cosine
apache-tika_1.20,7,7,0,165,63,8015,53,0,63,cosine
apache-tika_1.21,7,7,0,168,68,8187,54,0,68,euclidean
apache-tika_1.22,7,7,0,171,68,8281,55,0,68,euclidean
apache-tika_1.3,2,2,0,58,52,3101,45,0,52,l1
apache-tika_1.4,2,2,0,61,52,3196,45,0,52,cosine
apache-tika_1.5,2,2,0,63,52,3322,45,0,52,l1
apache-tika_1.6,2,2,0,66,52,3717,53,0,52,euclidean
apache-tika_1.7,2,2,0,74,52,4070,53,0,52,l2
alibaba-fastjson_1.2.52,14,14,0,476,58,10668,536,0,58,l1
alibaba-fastjson_1.2.55,14,14,0,477,58,10805,544,0,58,l1
alibaba-fastjson_1.2.56,14,14,0,478,58,10839,544,0,58,l1
alibaba-fastjson_1.2.57,14,14,0,479,58,10965,546,0,58,l1
alibaba-fastjson_1.2.59,14,14,0,480,58,11031,546,0,58,l1
alibaba-fastjson_1.2.60,14,14,0,481,58,11156,546,0,58,l1
alibaba-fastjson_1.2.61,14,14,0,483,58,11207,546,0,58,l1
activiti-activiti_7.1.75,51,51,2,146,299,19585,117,1,299,l1
activiti-activiti_7.1.76,51,51,2,146,299,19585,117,1,299,l1
activiti-activiti_7.1.77,51,51,2,146,299,19585,117,1,299,l1
activiti-activiti_7.1.78,51,51,2,146,299,19585,117,1,299,l1
activiti-activiti_7.1.79,51,51,2,146,299,19585,117,1,299,l1
activiti-activiti_7.1.80,51,51,2,146,299,19585,117,1,299,l1
activiti-activiti_7.1.81,51,51,2,146,299,19585,117,1,299,l1
activiti-activiti_7.1.82,51,51,2,146,299,19585,117,1,299,l1
bumptech-glide_4.3.0,4,4,0,310,119,6518,40,0,119,cosine
bumptech-glide_4.3.1,4,4,0,310,119,6518,40,0,119,cosine
bumptech-glide_4.4.0,4,4,0,310,119,6518,40,0,119,cosine
bumptech-glide_4.5.0,4,4,0,310,119,6518,40,0,119,cosine
bumptech-glide_4.6.0,4,4,0,310,119,6518,40,0,119,cosine
bumptech-glide_4.6.1,4,4,0,310,119,6518,40,0,119,cosine
bumptech-glide_4.7.0,4,4,0,310,119,6518,40,0,119,cosine
bumptech-glide_4.7.1,4,4,0,310,119,6518,40,0,119,cosine
bumptech-glide_4.8.0,4,4,0,310,119,6518,40,0,119,cosine
codecentric-spring-boot-admin_2.1.3,2,2,0,13,37,1880,4,0,37,euclidean
codecentric-spring-boot-admin_2.1.4,2,2,0,13,37,1993,4,0,37,euclidean
codecentric-spring-boot-admin_2.1.5,2,2,0,13,37,1991,4,0,37,euclidean
dropwizard-dropwizard_1.3.13,6,6,3,114,60,6869,7,2,60,euclidean
dropwizard-dropwizard_1.3.14,6,6,3,114,60,6869,7,2,60,l2
dropwizard-dropwizard_1.3.2,6,6,3,114,60,6857,7,2,60,euclidean
dropwizard-dropwizard_1.3.3,6,6,3,114,60,6857,7,2,60,euclidean
dropwizard-dropwizard_1.3.4,6,6,3,114,60,6857,7,2,60,euclidean
dropwizard-dropwizard_1.3.5,6,6,3,114,60,6857,7,2,60,l1
dropwizard-dropwizard_1.3.6,6,6,3,114,60,6886,7,2,60,l1
dropwizard-dropwizard_1.3.7,6,6,3,114,60,6886,7,2,60,l1
dropwizard-dropwizard_1.3.8,6,6,3,114,60,6886,7,2,60,l1
dropwizard-metrics_3.2.5,8,8,0,161,24,1529,10,0,24,euclidean
dropwizard-metrics_3.2.6,8,8,0,163,24,1531,10,0,24,euclidean
dropwizard-metrics_4.0.2,8,8,1,46,29,1501,7,1,29,l2
dropwizard-metrics_4.0.3,8,8,1,46,29,1502,7,1,29,euclidean
dropwizard-metrics_4.0.4,8,8,1,46,29,1502,7,1,29,euclidean
dropwizard-metrics_4.0.5,8,8,1,46,29,1502,7,1,29,cosine
dropwizard-metrics_4.0.6,8,8,1,46,29,1502,7,1,29,l1
facebook-facebook-android-sdk_5.0.0,4,4,0,462,69,4621,35,0,69,l1
facebook-facebook-android-sdk_5.0.1,4,4,0,462,69,4628,35,0,69,l1
facebook-facebook-android-sdk_5.0.2,4,4,0,462,69,4628,35,0,69,l1
facebook-facebook-android-sdk_5.0.3,4,4,0,462,69,4628,35,0,69,l1
facebook-facebook-android-sdk_5.1.0,4,4,0,460,68,4723,35,0,68,cosine
facebook-facebook-android-sdk_5.1.1,19,19,6,107,116,8909,38,1,116,l1
facebook-facebook-android-sdk_5.1.1,19,4,6,107,116,8909,38,1,68,l1
facebook-facebook-android-sdk_5.1.1,19,19,6,107,116,8909,38,1,116,l1
facebook-facebook-android-sdk_5.1.1,19,4,6,107,116,8909,38,1,68,l1
facebook-facebook-android-sdk_5.1.1,4,19,6,107,68,8909,35,0,116,l1
facebook-facebook-android-sdk_5.1.1,4,4,6,107,68,8909,35,0,68,l1
facebook-facebook-android-sdk_5.1.1,4,19,6,107,68,8909,35,0,116,l1
facebook-facebook-android-sdk_5.1.1,4,4,6,107,68,8909,35,0,68,l1
facebook-facebook-android-sdk_5.1.1,19,19,0,461,116,4726,38,1,116,l1
facebook-facebook-android-sdk_5.1.1,19,4,0,461,116,4726,38,1,68,l1
facebook-facebook-android-sdk_5.1.1,19,19,0,461,116,4726,38,1,116,l1
facebook-facebook-android-sdk_5.1.1,19,4,0,461,116,4726,38,1,68,l1
facebook-facebook-android-sdk_5.1.1,4,19,0,461,68,4726,35,0,116,l1
facebook-facebook-android-sdk_5.1.1,4,4,0,461,68,4726,35,0,68,l1
facebook-facebook-android-sdk_5.1.1,4,19,0,461,68,4726,35,0,116,l1
facebook-facebook-android-sdk_5.1.1,4,4,0,461,68,4726,35,0,68,l1
facebook-facebook-android-sdk_5.4.0,4,4,0,467,68,4805,36,0,68,l1
facebook-facebook-android-sdk_5.5.0,4,4,0,476,68,4803,36,0,68,cosine
google-dagger_2.20,18,18,9,121,73,5980,4,6,73,cosine
google-dagger_2.21,18,18,9,116,74,6117,4,6,74,cosine
google-dagger_2.22,18,18,9,119,76,6380,4,6,76,cosine
google-dagger_2.22.1,18,18,9,119,76,6380,4,6,76,cosine
google-dagger_2.23,18,18,9,122,76,6484,4,6,76,cosine
google-dagger_2.23.1,18,18,9,122,76,6485,4,6,76,l2
google-dagger_2.23.2,18,18,9,122,76,6479,4,6,76,cosine
google-dagger_2.24,18,18,9,118,73,6232,4,6,73,l2
google-error-prone_2.0.21,6,6,0,478,223,11966,27,0,223,cosine
google-error-prone_2.1.0,14,14,25,374,176,18523,78,4,176,cosine
google-error-prone_2.1.0,14,2,25,374,176,18523,78,4,37,cosine
google-error-prone_2.1.0,14,6,25,374,176,18523,78,4,243,cosine
google-error-prone_2.1.0,14,14,25,374,176,18523,78,4,176,cosine
google-error-prone_2.1.0,14,2,25,374,176,18523,78,4,37,cosine
google-error-prone_2.1.0,14,6,25,374,176,18523,78,4,243,cosine
google-error-prone_2.1.0,14,14,25,374,176,18523,78,4,176,cosine
google-error-prone_2.1.0,14,2,25,374,176,18523,78,4,37,cosine
google-error-prone_2.1.0,14,6,25,374,176,18523,78,4,243,cosine
google-error-prone_2.1.0,2,14,25,374,37,18523,4,0,176,cosine
google-error-prone_2.1.0,2,2,25,374,37,18523,4,0,37,cosine
google-error-prone_2.1.0,2,6,25,374,37,18523,4,0,243,cosine
google-error-prone_2.1.0,2,14,25,374,37,18523,4,0,176,cosine
google-error-prone_2.1.0,2,2,25,374,37,18523,4,0,37,cosine
google-error-prone_2.1.0,2,6,25,374,37,18523,4,0,243,cosine
google-error-prone_2.1.0,2,14,25,374,37,18523,4,0,176,cosine
google-error-prone_2.1.0,2,2,25,374,37,18523,4,0,37,cosine
google-error-prone_2.1.0,2,6,25,374,37,18523,4,0,243,cosine
google-error-prone_2.1.0,6,14,25,374,243,18523,27,0,176,cosine
google-error-prone_2.1.0,6,2,25,374,243,18523,27,0,37,cosine
google-error-prone_2.1.0,6,6,25,374,243,18523,27,0,243,cosine
google-error-prone_2.1.0,6,14,25,374,243,18523,27,0,176,cosine
google-error-prone_2.1.0,6,2,25,374,243,18523,27,0,37,cosine
google-error-prone_2.1.0,6,6,25,374,243,18523,27,0,243,cosine
google-error-prone_2.1.0,6,14,25,374,243,18523,27,0,176,cosine
google-error-prone_2.1.0,6,2,25,374,243,18523,27,0,37,cosine
google-error-prone_2.1.0,6,6,25,374,243,18523,27,0,243,cosine
google-error-prone_2.1.0,14,14,0,13,176,1833,78,4,176,cosine
google-error-prone_2.1.0,14,2,0,13,176,1833,78,4,37,cosine
google-error-prone_2.1.0,14,6,0,13,176,1833,78,4,243,cosine
google-error-prone_2.1.0,14,14,0,13,176,1833,78,4,176,cosine
google-error-prone_2.1.0,14,2,0,13,176,1833,78,4,37,cosine
google-error-prone_2.1.0,14,6,0,13,176,1833,78,4,243,cosine
google-error-prone_2.1.0,14,14,0,13,176,1833,78,4,176,cosine
google-error-prone_2.1.0,14,2,0,13,176,1833,78,4,37,cosine
google-error-prone_2.1.0,14,6,0,13,176,1833,78,4,243,cosine
google-error-prone_2.1.0,2,14,0,13,37,1833,4,0,176,cosine
google-error-prone_2.1.0,2,2,0,13,37,1833,4,0,37,cosine
google-error-prone_2.1.0,2,6,0,13,37,1833,4,0,243,cosine
google-error-prone_2.1.0,2,14,0,13,37,1833,4,0,176,cosine
google-error-prone_2.1.0,2,2,0,13,37,1833,4,0,37,cosine
google-error-prone_2.1.0,2,6,0,13,37,1833,4,0,243,cosine
google-error-prone_2.1.0,2,14,0,13,37,1833,4,0,176,cosine
google-error-prone_2.1.0,2,2,0,13,37,1833,4,0,37,cosine
google-error-prone_2.1.0,2,6,0,13,37,1833,4,0,243,cosine
google-error-prone_2.1.0,6,14,0,13,243,1833,27,0,176,cosine
google-error-prone_2.1.0,6,2,0,13,243,1833,27,0,37,cosine
google-error-prone_2.1.0,6,6,0,13,243,1833,27,0,243,cosine
google-error-prone_2.1.0,6,14,0,13,243,1833,27,0,176,cosine
google-error-prone_2.1.0,6,2,0,13,243,1833,27,0,37,cosine
google-error-prone_2.1.0,6,6,0,13,243,1833,27,0,243,cosine
google-error-prone_2.1.0,6,14,0,13,243,1833,27,0,176,cosine
google-error-prone_2.1.0,6,2,0,13,243,1833,27,0,37,cosine
google-error-prone_2.1.0,6,6,0,13,243,1833,27,0,243,cosine
google-error-prone_2.1.0,14,14,0,387,176,12297,78,4,176,cosine
google-error-prone_2.1.0,14,2,0,387,176,12297,78,4,37,cosine
google-error-prone_2.1.0,14,6,0,387,176,12297,78,4,243,cosine
google-error-prone_2.1.0,14,14,0,387,176,12297,78,4,176,cosine
google-error-prone_2.1.0,14,2,0,387,176,12297,78,4,37,cosine
google-error-prone_2.1.0,14,6,0,387,176,12297,78,4,243,cosine
google-error-prone_2.1.0,14,14,0,387,176,12297,78,4,176,cosine
google-error-prone_2.1.0,14,2,0,387,176,12297,78,4,37,cosine
google-error-prone_2.1.0,14,6,0,387,176,12297,78,4,243,cosine
google-error-prone_2.1.0,2,14,0,387,37,12297,4,0,176,cosine
google-error-prone_2.1.0,2,2,0,387,37,12297,4,0,37,cosine
google-error-prone_2.1.0,2,6,0,387,37,12297,4,0,243,cosine
google-error-prone_2.1.0,2,14,0,387,37,12297,4,0,176,cosine
google-error-prone_2.1.0,2,2,0,387,37,12297,4,0,37,cosine
google-error-prone_2.1.0,2,6,0,387,37,12297,4,0,243,cosine
google-error-prone_2.1.0,2,14,0,387,37,12297,4,0,176,cosine
google-error-prone_2.1.0,2,2,0,387,37,12297,4,0,37,cosine
google-error-prone_2.1.0,2,6,0,387,37,12297,4,0,243,cosine
google-error-prone_2.1.0,6,14,0,387,243,12297,27,0,176,cosine
google-error-prone_2.1.0,6,2,0,387,243,12297,27,0,37,cosine
google-error-prone_2.1.0,6,6,0,387,243,12297,27,0,243,cosine
google-error-prone_2.1.0,6,14,0,387,243,12297,27,0,176,cosine
google-error-prone_2.1.0,6,2,0,387,243,12297,27,0,37,cosine
google-error-prone_2.1.0,6,6,0,387,243,12297,27,0,243,cosine
google-error-prone_2.1.0,6,14,0,387,243,12297,27,0,176,cosine
google-error-prone_2.1.0,6,2,0,387,243,12297,27,0,37,cosine
google-error-prone_2.1.0,6,6,0,387,243,12297,27,0,243,cosine
google-error-prone_2.1.1,2,2,0,13,37,1841,4,0,37,euclidean
google-error-prone_2.1.1,2,6,0,13,37,1841,4,0,244,euclidean
google-error-prone_2.1.1,2,2,0,13,37,1841,4,0,37,euclidean
google-error-prone_2.1.1,2,6,0,13,37,1841,4,0,244,euclidean
google-error-prone_2.1.1,6,2,0,13,244,1841,27,0,37,euclidean
google-error-prone_2.1.1,6,6,0,13,244,1841,27,0,244,euclidean
google-error-prone_2.1.1,6,2,0,13,244,1841,27,0,37,euclidean
google-error-prone_2.1.1,6,6,0,13,244,1841,27,0,244,euclidean
google-error-prone_2.1.1,2,2,0,386,37,12351,4,0,37,euclidean
google-error-prone_2.1.1,2,6,0,386,37,12351,4,0,244,euclidean
google-error-prone_2.1.1,2,2,0,386,37,12351,4,0,37,euclidean
google-error-prone_2.1.1,2,6,0,386,37,12351,4,0,244,euclidean
google-error-prone_2.1.1,6,2,0,386,244,12351,27,0,37,euclidean
google-error-prone_2.1.1,6,6,0,386,244,12351,27,0,244,euclidean
google-error-prone_2.1.1,6,2,0,386,244,12351,27,0,37,euclidean
google-error-prone_2.1.1,6,6,0,386,244,12351,27,0,244,euclidean
google-error-prone_2.1.3,2,2,0,13,37,1880,4,0,37,l1
google-error-prone_2.1.3,2,6,0,13,37,1880,4,0,263,l1
google-error-prone_2.1.3,2,2,0,13,37,1880,4,0,37,l1
google-error-prone_2.1.3,2,6,0,13,37,1880,4,0,263,l1
google-error-prone_2.1.3,6,2,0,13,263,1880,27,0,37,l1
google-error-prone_2.1.3,6,6,0,13,263,1880,27,0,263,l1
google-error-prone_2.1.3,6,2,0,13,263,1880,27,0,37,l1
google-error-prone_2.1.3,6,6,0,13,263,1880,27,0,263,l1
google-error-prone_2.1.3,2,2,0,399,37,12995,4,0,37,l1
google-error-prone_2.1.3,2,6,0,399,37,12995,4,0,263,l1
google-error-prone_2.1.3,2,2,0,399,37,12995,4,0,37,l1
google-error-prone_2.1.3,2,6,0,399,37,12995,4,0,263,l1
google-error-prone_2.1.3,6,2,0,399,263,12995,27,0,37,l1
google-error-prone_2.1.3,6,6,0,399,263,12995,27,0,263,l1
google-error-prone_2.1.3,6,2,0,399,263,12995,27,0,37,l1
google-error-prone_2.1.3,6,6,0,399,263,12995,27,0,263,l1
google-error-prone_2.3.0,39,39,27,117,92,9604,61,4,92,l1
google-error-prone_2.3.0,39,6,27,117,92,9604,61,4,280,l1
google-error-prone_2.3.0,39,39,27,117,92,9604,61,4,92,l1
google-error-prone_2.3.0,39,6,27,117,92,9604,61,4,280,l1
google-error-prone_2.3.0,6,39,27,117,280,9604,30,0,92,l1
google-error-prone_2.3.0,6,6,27,117,280,9604,30,0,280,l1
google-error-prone_2.3.0,6,39,27,117,280,9604,30,0,92,l1
google-error-prone_2.3.0,6,6,27,117,280,9604,30,0,280,l1
google-error-prone_2.3.0,39,39,0,424,92,13712,61,4,92,l1
google-error-prone_2.3.0,39,6,0,424,92,13712,61,4,280,l1
google-error-prone_2.3.0,39,39,0,424,92,13712,61,4,92,l1
google-error-prone_2.3.0,39,6,0,424,92,13712,61,4,280,l1
google-error-prone_2.3.0,6,39,0,424,280,13712,30,0,92,l1
google-error-prone_2.3.0,6,6,0,424,280,13712,30,0,280,l1
google-error-prone_2.3.0,6,39,0,424,280,13712,30,0,92,l1
google-error-prone_2.3.0,6,6,0,424,280,13712,30,0,280,l1
google-error-prone_2.3.1,39,39,27,117,92,9604,61,4,92,l1
google-error-prone_2.3.1,39,6,27,117,92,9604,61,4,283,l1
google-error-prone_2.3.1,39,39,27,117,92,9604,61,4,92,l1
google-error-prone_2.3.1,39,6,27,117,92,9604,61,4,283,l1
google-error-prone_2.3.1,6,39,27,117,283,9604,30,0,92,l1
google-error-prone_2.3.1,6,6,27,117,283,9604,30,0,283,l1
google-error-prone_2.3.1,6,39,27,117,283,9604,30,0,92,l1
google-error-prone_2.3.1,6,6,27,117,283,9604,30,0,283,l1
google-error-prone_2.3.1,39,39,0,424,92,13796,61,4,92,l1
google-error-prone_2.3.1,39,6,0,424,92,13796,61,4,283,l1
google-error-prone_2.3.1,39,39,0,424,92,13796,61,4,92,l1
google-error-prone_2.3.1,39,6,0,424,92,13796,61,4,283,l1
google-error-prone_2.3.1,6,39,0,424,283,13796,30,0,92,l1
google-error-prone_2.3.1,6,6,0,424,283,13796,30,0,283,l1
google-error-prone_2.3.1,6,39,0,424,283,13796,30,0,92,l1
google-error-prone_2.3.1,6,6,0,424,283,13796,30,0,283,l1
google-error-prone_2.3.2,39,39,27,117,92,9604,61,4,92,l1
google-error-prone_2.3.2,39,6,27,117,92,9604,61,4,335,l1
google-error-prone_2.3.2,39,39,27,117,92,9604,61,4,92,l1
google-error-prone_2.3.2,39,6,27,117,92,9604,61,4,335,l1
google-error-prone_2.3.2,6,39,27,117,335,9604,35,1,92,l1
google-error-prone_2.3.2,6,6,27,117,335,9604,35,1,335,l1
google-error-prone_2.3.2,6,39,27,117,335,9604,35,1,92,l1
google-error-prone_2.3.2,6,6,27,117,335,9604,35,1,335,l1
google-error-prone_2.3.2,39,39,1,464,92,15367,61,4,92,l1
google-error-prone_2.3.2,39,6,1,464,92,15367,61,4,335,l1
google-error-prone_2.3.2,39,39,1,464,92,15367,61,4,92,l1
google-error-prone_2.3.2,39,6,1,464,92,15367,61,4,335,l1
google-error-prone_2.3.2,6,39,1,464,335,15367,35,1,92,l1
google-error-prone_2.3.2,6,6,1,464,335,15367,35,1,335,l1
google-error-prone_2.3.2,6,39,1,464,335,15367,35,1,92,l1
google-error-prone_2.3.2,6,6,1,464,335,15367,35,1,335,l1
grpc-grpc-java_1.17.2,12,12,0,990,113,11031,36,0,113,cosine
grpc-grpc-java_1.18.0,10,10,6,176,146,4378,87,2,146,cosine
grpc-grpc-java_1.18.0,10,12,6,176,146,4378,87,2,113,cosine
grpc-grpc-java_1.18.0,10,10,6,176,146,4378,87,2,146,cosine
grpc-grpc-java_1.18.0,10,12,6,176,146,4378,87,2,113,cosine
grpc-grpc-java_1.18.0,12,10,6,176,113,4378,137,0,146,cosine
grpc-grpc-java_1.18.0,12,12,6,176,113,4378,137,0,113,cosine
grpc-grpc-java_1.18.0,12,10,6,176,113,4378,137,0,146,cosine
grpc-grpc-java_1.18.0,12,12,6,176,113,4378,137,0,113,cosine
grpc-grpc-java_1.18.0,10,10,0,1120,146,13187,87,2,146,cosine
grpc-grpc-java_1.18.0,10,12,0,1120,146,13187,87,2,113,cosine
grpc-grpc-java_1.18.0,10,10,0,1120,146,13187,87,2,146,cosine
grpc-grpc-java_1.18.0,10,12,0,1120,146,13187,87,2,113,cosine
grpc-grpc-java_1.18.0,12,10,0,1120,113,13187,137,0,146,cosine
grpc-grpc-java_1.18.0,12,12,0,1120,113,13187,137,0,113,cosine
grpc-grpc-java_1.18.0,12,10,0,1120,113,13187,137,0,146,cosine
grpc-grpc-java_1.18.0,12,12,0,1120,113,13187,137,0,113,cosine
grpc-grpc-java_1.19.0,12,12,0,1171,113,13576,137,0,113,cosine
grpc-grpc-java_1.20.0,12,12,0,958,107,9755,36,0,107,cosine
grpc-grpc-java_1.21.0,11,11,0,987,111,10027,36,0,111,l2
grpc-grpc-java_1.21.1,11,11,0,988,111,10041,36,0,111,euclidean
grpc-grpc-java_1.22.0,11,11,0,1043,117,10295,36,0,117,euclidean
grpc-grpc-java_1.22.1,11,11,0,1043,117,10295,36,0,117,euclidean
grpc-grpc-java_1.22.2,11,11,0,1044,117,10309,36,0,117,l2
java-native-accessjna_4.3.0,4,4,0,310,119,6518,40,0,119,euclidean
java-native-accessjna_4.4.0,4,4,0,310,119,6518,40,0,119,euclidean
java-native-accessjna_4.4.0,4,3,0,310,119,6518,40,0,76,euclidean
java-native-accessjna_4.4.0,4,4,0,310,119,6518,40,0,119,euclidean
java-native-accessjna_4.4.0,4,3,0,310,119,6518,40,0,76,euclidean
java-native-accessjna_4.4.0,3,4,0,310,76,6518,86,0,119,euclidean
java-native-accessjna_4.4.0,3,3,0,310,76,6518,86,0,76,euclidean
java-native-accessjna_4.4.0,3,4,0,310,76,6518,86,0,119,euclidean
java-native-accessjna_4.4.0,3,3,0,310,76,6518,86,0,76,euclidean
java-native-accessjna_4.4.0,4,4,0,266,119,4358,40,0,119,euclidean
java-native-accessjna_4.4.0,4,3,0,266,119,4358,40,0,76,euclidean
java-native-accessjna_4.4.0,4,4,0,266,119,4358,40,0,119,euclidean
java-native-accessjna_4.4.0,4,3,0,266,119,4358,40,0,76,euclidean
java-native-accessjna_4.4.0,3,4,0,266,76,4358,86,0,119,euclidean
java-native-accessjna_4.4.0,3,3,0,266,76,4358,86,0,76,euclidean
java-native-accessjna_4.4.0,3,4,0,266,76,4358,86,0,119,euclidean
java-native-accessjna_4.4.0,3,3,0,266,76,4358,86,0,76,euclidean
java-native-accessjna_4.5.0,4,4,0,310,119,6518,40,0,119,euclidean
java-native-accessjna_4.5.0,4,3,0,310,119,6518,40,0,76,euclidean
java-native-accessjna_4.5.0,4,4,0,310,119,6518,40,0,119,euclidean
java-native-accessjna_4.5.0,4,3,0,310,119,6518,40,0,76,euclidean
java-native-accessjna_4.5.0,3,4,0,310,76,6518,86,0,119,euclidean
java-native-accessjna_4.5.0,3,3,0,310,76,6518,86,0,76,euclidean
java-native-accessjna_4.5.0,3,4,0,310,76,6518,86,0,119,euclidean
java-native-accessjna_4.5.0,3,3,0,310,76,6518,86,0,76,euclidean
java-native-accessjna_4.5.0,4,4,0,269,119,4463,40,0,119,euclidean
java-native-accessjna_4.5.0,4,3,0,269,119,4463,40,0,76,euclidean
java-native-accessjna_4.5.0,4,4,0,269,119,4463,40,0,119,euclidean
java-native-accessjna_4.5.0,4,3,0,269,119,4463,40,0,76,euclidean
java-native-accessjna_4.5.0,3,4,0,269,76,4463,86,0,119,euclidean
java-native-accessjna_4.5.0,3,3,0,269,76,4463,86,0,76,euclidean
java-native-accessjna_4.5.0,3,4,0,269,76,4463,86,0,119,euclidean
java-native-accessjna_4.5.0,3,3,0,269,76,4463,86,0,76,euclidean
java-native-accessjna_4.5.1,3,3,0,269,76,4478,86,0,76,euclidean
java-native-accessjna_4.5.2,3,3,0,270,76,4481,86,0,76,euclidean
java-native-accessjna_5.0.0,4,4,0,462,69,4621,35,0,69,cosine
java-native-accessjna_5.0.0,4,3,0,462,69,4621,35,0,76,cosine
java-native-accessjna_5.0.0,4,4,0,462,69,4621,35,0,69,cosine
java-native-accessjna_5.0.0,4,3,0,462,69,4621,35,0,76,cosine
java-native-accessjna_5.0.0,3,4,0,462,76,4621,85,0,69,cosine
java-native-accessjna_5.0.0,3,3,0,462,76,4621,85,0,76,cosine
java-native-accessjna_5.0.0,3,4,0,462,76,4621,85,0,69,cosine
java-native-accessjna_5.0.0,3,3,0,462,76,4621,85,0,76,cosine
java-native-accessjna_5.0.0,4,4,0,276,69,4820,35,0,69,cosine
java-native-accessjna_5.0.0,4,3,0,276,69,4820,35,0,76,cosine
java-native-accessjna_5.0.0,4,4,0,276,69,4820,35,0,69,cosine
java-native-accessjna_5.0.0,4,3,0,276,69,4820,35,0,76,cosine
java-native-accessjna_5.0.0,3,4,0,276,76,4820,85,0,69,cosine
java-native-accessjna_5.0.0,3,3,0,276,76,4820,85,0,76,cosine
java-native-accessjna_5.0.0,3,4,0,276,76,4820,85,0,69,cosine
java-native-accessjna_5.0.0,3,3,0,276,76,4820,85,0,76,cosine
java-native-accessjna_5.1.0,4,4,0,460,68,4723,35,0,68,l2
java-native-accessjna_5.1.0,4,3,0,460,68,4723,35,0,76,l2
java-native-accessjna_5.1.0,4,4,0,460,68,4723,35,0,68,l2
java-native-accessjna_5.1.0,4,3,0,460,68,4723,35,0,76,l2
java-native-accessjna_5.1.0,3,4,0,460,76,4723,85,0,68,l2
java-native-accessjna_5.1.0,3,3,0,460,76,4723,85,0,76,l2
java-native-accessjna_5.1.0,3,4,0,460,76,4723,85,0,68,l2
java-native-accessjna_5.1.0,3,3,0,460,76,4723,85,0,76,l2
java-native-accessjna_5.1.0,4,4,0,276,68,4852,35,0,68,l2
java-native-accessjna_5.1.0,4,3,0,276,68,4852,35,0,76,l2
java-native-accessjna_5.1.0,4,4,0,276,68,4852,35,0,68,l2
java-native-accessjna_5.1.0,4,3,0,276,68,4852,35,0,76,l2
java-native-accessjna_5.1.0,3,4,0,276,76,4852,85,0,68,l2
java-native-accessjna_5.1.0,3,3,0,276,76,4852,85,0,76,l2
java-native-accessjna_5.1.0,3,4,0,276,76,4852,85,0,68,l2
java-native-accessjna_5.1.0,3,3,0,276,76,4852,85,0,76,l2
java-native-accessjna_5.2.0,4,4,0,460,68,4727,35,0,68,cosine
java-native-accessjna_5.2.0,4,3,0,460,68,4727,35,0,76,cosine
java-native-accessjna_5.2.0,4,4,0,460,68,4727,35,0,68,cosine
java-native-accessjna_5.2.0,4,3,0,460,68,4727,35,0,76,cosine
java-native-accessjna_5.2.0,3,4,0,460,76,4727,85,0,68,cosine
java-native-accessjna_5.2.0,3,3,0,460,76,4727,85,0,76,cosine
java-native-accessjna_5.2.0,3,4,0,460,76,4727,85,0,68,cosine
java-native-accessjna_5.2.0,3,3,0,460,76,4727,85,0,76,cosine
java-native-accessjna_5.2.0,4,4,0,276,68,4846,35,0,68,cosine
java-native-accessjna_5.2.0,4,3,0,276,68,4846,35,0,76,cosine
java-native-accessjna_5.2.0,4,4,0,276,68,4846,35,0,68,cosine
java-native-accessjna_5.2.0,4,3,0,276,68,4846,35,0,76,cosine
java-native-accessjna_5.2.0,3,4,0,276,76,4846,85,0,68,cosine
java-native-accessjna_5.2.0,3,3,0,276,76,4846,85,0,76,cosine
java-native-accessjna_5.2.0,3,4,0,276,76,4846,85,0,68,cosine
java-native-accessjna_5.2.0,3,3,0,276,76,4846,85,0,76,cosine
java-native-accessjna_5.3.0,3,3,0,276,76,4907,84,0,76,l2
java-native-accessjna_5.3.1,3,3,0,276,76,4908,84,0,76,euclidean
jenkinsci-jenkins_2.185,13,13,45,630,137,16725,63,8,137,cosine
jenkinsci-jenkins_2.186,13,13,45,630,137,16771,63,8,137,cosine
jenkinsci-jenkins_2.187,13,13,45,630,137,16772,63,8,137,cosine
jenkinsci-jenkins_2.189,13,13,45,629,137,16819,63,8,137,cosine
jenkinsci-jenkins_2.190,13,13,45,629,137,16830,63,8,137,cosine
jenkinsci-jenkins_2.191,13,13,45,629,137,16831,63,8,137,cosine
jenkinsci-jenkins_2.192,13,13,45,629,137,16841,63,8,137,cosine
jenkinsci-jenkins_2.193,13,13,45,629,137,16841,63,8,137,cosine
jenkinsci-jenkins_2.194,13,13,45,629,137,16854,63,8,137,cosine
jhy-jsoup_1.6.0,21,21,0,1181,199,35581,28,0,199,euclidean
jhy-jsoup_1.6.1,3,3,0,0,34,409,15,0,34,euclidean
jhy-jsoup_1.6.2,3,3,0,3,34,477,14,0,34,euclidean
jhy-jsoup_1.6.3,3,3,0,3,35,490,14,0,35,cosine
jhy-jsoup_1.7.1,3,3,0,3,35,503,14,0,35,euclidean
jhy-jsoup_1.7.2,3,3,0,4,47,536,14,0,47,euclidean
jhy-jsoup_1.7.3,3,3,0,4,47,567,14,0,47,euclidean
jhy-jsoup_1.8.2,3,3,0,6,47,605,19,0,47,euclidean
jhy-jsoup_1.8.3,3,3,0,6,47,618,19,0,47,l2
jhy-jsoup_1.9.1,3,3,0,6,47,628,21,0,47,cosine
mockito-mockito_2.28.2,6,6,0,302,49,5814,41,0,49,euclidean
mockito-mockito_3.0.0,1,1,0,49,53,1616,36,0,53,euclidean
mockito-mockito_3.0.0,1,6,0,49,53,1616,36,0,49,euclidean
mockito-mockito_3.0.0,1,1,0,49,53,1616,36,0,53,euclidean
mockito-mockito_3.0.0,1,6,0,49,53,1616,36,0,49,euclidean
mockito-mockito_3.0.0,6,1,0,49,49,1616,41,0,53,euclidean
mockito-mockito_3.0.0,6,6,0,49,49,1616,41,0,49,euclidean
mockito-mockito_3.0.0,6,1,0,49,49,1616,41,0,53,euclidean
mockito-mockito_3.0.0,6,6,0,49,49,1616,41,0,49,euclidean
mockito-mockito_3.0.0,1,1,0,302,53,5815,36,0,53,euclidean
mockito-mockito_3.0.0,1,6,0,302,53,5815,36,0,49,euclidean
mockito-mockito_3.0.0,1,1,0,302,53,5815,36,0,53,euclidean
mockito-mockito_3.0.0,1,6,0,302,53,5815,36,0,49,euclidean
mockito-mockito_3.0.0,6,1,0,302,49,5815,41,0,53,euclidean
mockito-mockito_3.0.0,6,6,0,302,49,5815,41,0,49,euclidean
mockito-mockito_3.0.0,6,1,0,302,49,5815,41,0,53,euclidean
mockito-mockito_3.0.0,6,6,0,302,49,5815,41,0,49,euclidean
mockito-mockito_3.0.1,1,1,0,49,53,1618,37,0,53,euclidean
mockito-mockito_3.0.1,1,6,0,49,53,1618,37,0,49,euclidean
mockito-mockito_3.0.1,1,1,0,49,53,1618,37,0,53,euclidean
mockito-mockito_3.0.1,1,6,0,49,53,1618,37,0,49,euclidean
mockito-mockito_3.0.1,6,1,0,49,49,1618,41,0,53,euclidean
mockito-mockito_3.0.1,6,6,0,49,49,1618,41,0,49,euclidean
mockito-mockito_3.0.1,6,1,0,49,49,1618,41,0,53,euclidean
mockito-mockito_3.0.1,6,6,0,49,49,1618,41,0,49,euclidean
mockito-mockito_3.0.1,1,1,0,302,53,5836,37,0,53,euclidean
mockito-mockito_3.0.1,1,6,0,302,53,5836,37,0,49,euclidean
mockito-mockito_3.0.1,1,1,0,302,53,5836,37,0,53,euclidean
mockito-mockito_3.0.1,1,6,0,302,53,5836,37,0,49,euclidean
mockito-mockito_3.0.1,6,1,0,302,49,5836,41,0,53,euclidean
mockito-mockito_3.0.1,6,6,0,302,49,5836,41,0,49,euclidean
mockito-mockito_3.0.1,6,1,0,302,49,5836,41,0,53,euclidean
mockito-mockito_3.0.1,6,6,0,302,49,5836,41,0,49,euclidean
mockito-mockito_3.0.2,1,1,0,49,53,1630,37,0,53,euclidean
mockito-mockito_3.0.2,1,6,0,49,53,1630,37,0,49,euclidean
mockito-mockito_3.0.2,1,1,0,49,53,1630,37,0,53,euclidean
mockito-mockito_3.0.2,1,6,0,49,53,1630,37,0,49,euclidean
mockito-mockito_3.0.2,6,1,0,49,49,1630,41,0,53,euclidean
mockito-mockito_3.0.2,6,6,0,49,49,1630,41,0,49,euclidean
mockito-mockito_3.0.2,6,1,0,49,49,1630,41,0,53,euclidean
mockito-mockito_3.0.2,6,6,0,49,49,1630,41,0,49,euclidean
mockito-mockito_3.0.2,1,1,0,302,53,5836,37,0,53,euclidean
mockito-mockito_3.0.2,1,6,0,302,53,5836,37,0,49,euclidean
mockito-mockito_3.0.2,1,1,0,302,53,5836,37,0,53,euclidean
mockito-mockito_3.0.2,1,6,0,302,53,5836,37,0,49,euclidean
mockito-mockito_3.0.2,6,1,0,302,49,5836,41,0,53,euclidean
mockito-mockito_3.0.2,6,6,0,302,49,5836,41,0,49,euclidean
mockito-mockito_3.0.2,6,1,0,302,49,5836,41,0,53,euclidean
mockito-mockito_3.0.2,6,6,0,302,49,5836,41,0,49,euclidean
mockito-mockito_3.0.3,1,1,0,49,53,1631,37,0,53,euclidean
mockito-mockito_3.0.3,1,6,0,49,53,1631,37,0,49,euclidean
mockito-mockito_3.0.3,1,1,0,49,53,1631,37,0,53,euclidean
mockito-mockito_3.0.3,1,6,0,49,53,1631,37,0,49,euclidean
mockito-mockito_3.0.3,6,1,0,49,49,1631,41,0,53,euclidean
mockito-mockito_3.0.3,6,6,0,49,49,1631,41,0,49,euclidean
mockito-mockito_3.0.3,6,1,0,49,49,1631,41,0,53,euclidean
mockito-mockito_3.0.3,6,6,0,49,49,1631,41,0,49,euclidean
mockito-mockito_3.0.3,1,1,0,299,53,5836,37,0,53,euclidean
mockito-mockito_3.0.3,1,6,0,299,53,5836,37,0,49,euclidean
mockito-mockito_3.0.3,1,1,0,299,53,5836,37,0,53,euclidean
mockito-mockito_3.0.3,1,6,0,299,53,5836,37,0,49,euclidean
mockito-mockito_3.0.3,6,1,0,299,49,5836,41,0,53,euclidean
mockito-mockito_3.0.3,6,6,0,299,49,5836,41,0,49,euclidean
mockito-mockito_3.0.3,6,1,0,299,49,5836,41,0,53,euclidean
mockito-mockito_3.0.3,6,6,0,299,49,5836,41,0,49,euclidean
mockito-mockito_3.0.4,14,14,0,52,53,1702,108,0,53,euclidean
mockito-mockito_3.0.4,14,6,0,52,53,1702,108,0,49,euclidean
mockito-mockito_3.0.4,14,14,0,52,53,1702,108,0,53,euclidean
mockito-mockito_3.0.4,14,6,0,52,53,1702,108,0,49,euclidean
mockito-mockito_3.0.4,6,14,0,52,49,1702,41,0,53,euclidean
mockito-mockito_3.0.4,6,6,0,52,49,1702,41,0,49,euclidean
mockito-mockito_3.0.4,6,14,0,52,49,1702,41,0,53,euclidean
mockito-mockito_3.0.4,6,6,0,52,49,1702,41,0,49,euclidean
mockito-mockito_3.0.4,14,14,0,299,53,5836,108,0,53,euclidean
mockito-mockito_3.0.4,14,6,0,299,53,5836,108,0,49,euclidean
mockito-mockito_3.0.4,14,14,0,299,53,5836,108,0,53,euclidean
mockito-mockito_3.0.4,14,6,0,299,53,5836,108,0,49,euclidean
mockito-mockito_3.0.4,6,14,0,299,49,5836,41,0,53,euclidean
mockito-mockito_3.0.4,6,6,0,299,49,5836,41,0,49,euclidean
mockito-mockito_3.0.4,6,14,0,299,49,5836,41,0,53,euclidean
mockito-mockito_3.0.4,6,6,0,299,49,5836,41,0,49,euclidean
mockito-mockito_3.0.5,14,14,0,52,53,1702,108,0,53,euclidean
mockito-mockito_3.0.5,14,6,0,52,53,1702,108,0,49,euclidean
mockito-mockito_3.0.5,14,14,0,52,53,1702,108,0,53,euclidean
mockito-mockito_3.0.5,14,6,0,52,53,1702,108,0,49,euclidean
mockito-mockito_3.0.5,6,14,0,52,49,1702,41,0,53,euclidean
mockito-mockito_3.0.5,6,6,0,52,49,1702,41,0,49,euclidean
mockito-mockito_3.0.5,6,14,0,52,49,1702,41,0,53,euclidean
mockito-mockito_3.0.5,6,6,0,52,49,1702,41,0,49,euclidean
mockito-mockito_3.0.5,14,14,0,299,53,5836,108,0,53,euclidean
mockito-mockito_3.0.5,14,6,0,299,53,5836,108,0,49,euclidean
mockito-mockito_3.0.5,14,14,0,299,53,5836,108,0,53,euclidean
mockito-mockito_3.0.5,14,6,0,299,53,5836,108,0,49,euclidean
mockito-mockito_3.0.5,6,14,0,299,49,5836,41,0,53,euclidean
mockito-mockito_3.0.5,6,6,0,299,49,5836,41,0,49,euclidean
mockito-mockito_3.0.5,6,14,0,299,49,5836,41,0,53,euclidean
mockito-mockito_3.0.5,6,6,0,299,49,5836,41,0,49,euclidean
mockito-mockito_3.0.6,14,14,0,52,53,1702,108,0,53,euclidean
mockito-mockito_3.0.6,14,6,0,52,53,1702,108,0,49,euclidean
mockito-mockito_3.0.6,14,14,0,52,53,1702,108,0,53,euclidean
mockito-mockito_3.0.6,14,6,0,52,53,1702,108,0,49,euclidean
mockito-mockito_3.0.6,6,14,0,52,49,1702,41,0,53,euclidean
mockito-mockito_3.0.6,6,6,0,52,49,1702,41,0,49,euclidean
mockito-mockito_3.0.6,6,14,0,52,49,1702,41,0,53,euclidean
mockito-mockito_3.0.6,6,6,0,52,49,1702,41,0,49,euclidean
mockito-mockito_3.0.6,14,14,0,299,53,5837,108,0,53,euclidean
mockito-mockito_3.0.6,14,6,0,299,53,5837,108,0,49,euclidean
mockito-mockito_3.0.6,14,14,0,299,53,5837,108,0,53,euclidean
mockito-mockito_3.0.6,14,6,0,299,53,5837,108,0,49,euclidean
mockito-mockito_3.0.6,6,14,0,299,49,5837,41,0,53,euclidean
mockito-mockito_3.0.6,6,6,0,299,49,5837,41,0,49,euclidean
mockito-mockito_3.0.6,6,14,0,299,49,5837,41,0,53,euclidean
mockito-mockito_3.0.6,6,6,0,299,49,5837,41,0,49,euclidean
mockito-mockito_3.0.7,14,14,0,52,53,1702,108,0,53,euclidean
mockito-mockito_3.0.7,14,6,0,52,53,1702,108,0,49,euclidean
mockito-mockito_3.0.7,14,14,0,52,53,1702,108,0,53,euclidean
mockito-mockito_3.0.7,14,6,0,52,53,1702,108,0,49,euclidean
mockito-mockito_3.0.7,6,14,0,52,49,1702,41,0,53,euclidean
mockito-mockito_3.0.7,6,6,0,52,49,1702,41,0,49,euclidean
mockito-mockito_3.0.7,6,14,0,52,49,1702,41,0,53,euclidean
mockito-mockito_3.0.7,6,6,0,52,49,1702,41,0,49,euclidean
mockito-mockito_3.0.7,14,14,0,299,53,5837,108,0,53,euclidean
mockito-mockito_3.0.7,14,6,0,299,53,5837,108,0,49,euclidean
mockito-mockito_3.0.7,14,14,0,299,53,5837,108,0,53,euclidean
mockito-mockito_3.0.7,14,6,0,299,53,5837,108,0,49,euclidean
mockito-mockito_3.0.7,6,14,0,299,49,5837,41,0,53,euclidean
mockito-mockito_3.0.7,6,6,0,299,49,5837,41,0,49,euclidean
mockito-mockito_3.0.7,6,14,0,299,49,5837,41,0,53,euclidean
mockito-mockito_3.0.7,6,6,0,299,49,5837,41,0,49,euclidean
mybatis-mybatis-3_3.4.0,4,4,0,125,79,4190,30,0,79,cosine
mybatis-mybatis-3_3.4.1,7,7,0,133,79,4325,32,0,79,cosine
mybatis-mybatis-3_3.4.2,7,7,1,148,79,4526,32,1,79,cosine
mybatis-mybatis-3_3.4.3,7,7,2,148,79,4641,32,1,79,cosine
mybatis-mybatis-3_3.4.4,7,7,2,148,79,4641,32,1,79,cosine
mybatis-mybatis-3_3.4.5,7,7,2,152,79,4807,31,1,79,cosine
mybatis-mybatis-3_3.4.6,7,7,2,153,79,4833,32,1,79,cosine
mybatis-mybatis-3_3.5.0,2,2,0,51,82,6155,114,0,82,cosine
mybatis-mybatis-3_3.5.0,2,7,0,51,82,6155,114,0,80,cosine
mybatis-mybatis-3_3.5.0,2,2,0,51,82,6155,114,0,82,cosine
mybatis-mybatis-3_3.5.0,2,7,0,51,82,6155,114,0,80,cosine
mybatis-mybatis-3_3.5.0,7,2,0,51,80,6155,32,1,82,cosine
mybatis-mybatis-3_3.5.0,7,7,0,51,80,6155,32,1,80,cosine
mybatis-mybatis-3_3.5.0,7,2,0,51,80,6155,32,1,82,cosine
mybatis-mybatis-3_3.5.0,7,7,0,51,80,6155,32,1,80,cosine
mybatis-mybatis-3_3.5.0,2,2,2,153,82,5301,114,0,82,cosine
mybatis-mybatis-3_3.5.0,2,7,2,153,82,5301,114,0,80,cosine
mybatis-mybatis-3_3.5.0,2,2,2,153,82,5301,114,0,82,cosine
mybatis-mybatis-3_3.5.0,2,7,2,153,82,5301,114,0,80,cosine
mybatis-mybatis-3_3.5.0,7,2,2,153,80,5301,32,1,82,cosine
mybatis-mybatis-3_3.5.0,7,7,2,153,80,5301,32,1,80,cosine
mybatis-mybatis-3_3.5.0,7,2,2,153,80,5301,32,1,82,cosine
mybatis-mybatis-3_3.5.0,7,7,2,153,80,5301,32,1,80,cosine
mybatis-mybatis-3_3.5.1,2,2,0,51,82,6182,114,0,82,cosine
mybatis-mybatis-3_3.5.1,2,7,0,51,82,6182,114,0,80,cosine
mybatis-mybatis-3_3.5.1,2,2,0,51,82,6182,114,0,82,cosine
mybatis-mybatis-3_3.5.1,2,7,0,51,82,6182,114,0,80,cosine
mybatis-mybatis-3_3.5.1,7,2,0,51,80,6182,32,1,82,cosine
mybatis-mybatis-3_3.5.1,7,7,0,51,80,6182,32,1,80,cosine
mybatis-mybatis-3_3.5.1,7,2,0,51,80,6182,32,1,82,cosine
mybatis-mybatis-3_3.5.1,7,7,0,51,80,6182,32,1,80,cosine
mybatis-mybatis-3_3.5.1,2,2,3,142,82,5376,114,0,82,cosine
mybatis-mybatis-3_3.5.1,2,7,3,142,82,5376,114,0,80,cosine
mybatis-mybatis-3_3.5.1,2,2,3,142,82,5376,114,0,82,cosine
mybatis-mybatis-3_3.5.1,2,7,3,142,82,5376,114,0,80,cosine
mybatis-mybatis-3_3.5.1,7,2,3,142,80,5376,32,1,82,cosine
mybatis-mybatis-3_3.5.1,7,7,3,142,80,5376,32,1,80,cosine
mybatis-mybatis-3_3.5.1,7,2,3,142,80,5376,32,1,82,cosine
mybatis-mybatis-3_3.5.1,7,7,3,142,80,5376,32,1,80,cosine
naver-pinpoint_1.6.2,3,3,0,3,34,477,14,0,34,cosine
naver-pinpoint_1.7.0,21,21,0,1165,205,35289,28,0,205,cosine
naver-pinpoint_1.7.0,21,43,0,1165,205,35289,28,0,155,cosine
naver-pinpoint_1.7.0,21,21,0,1165,205,35289,28,0,205,cosine
naver-pinpoint_1.7.0,21,43,0,1165,205,35289,28,0,155,cosine
naver-pinpoint_1.7.0,43,21,0,1165,155,35289,48,0,205,cosine
naver-pinpoint_1.7.0,43,43,0,1165,155,35289,48,0,155,cosine
naver-pinpoint_1.7.0,43,21,0,1165,155,35289,48,0,205,cosine
naver-pinpoint_1.7.0,43,43,0,1165,155,35289,48,0,155,cosine
naver-pinpoint_1.7.0,21,21,0,622,205,23066,28,0,205,cosine
naver-pinpoint_1.7.0,21,43,0,622,205,23066,28,0,155,cosine
naver-pinpoint_1.7.0,21,21,0,622,205,23066,28,0,205,cosine
naver-pinpoint_1.7.0,21,43,0,622,205,23066,28,0,155,cosine
naver-pinpoint_1.7.0,43,21,0,622,155,23066,48,0,205,cosine
naver-pinpoint_1.7.0,43,43,0,622,155,23066,48,0,155,cosine
naver-pinpoint_1.7.0,43,21,0,622,155,23066,48,0,205,cosine
naver-pinpoint_1.7.0,43,43,0,622,155,23066,48,0,155,cosine
naver-pinpoint_1.7.1,3,3,0,3,35,503,14,0,35,cosine
naver-pinpoint_1.7.1,3,43,0,3,35,503,14,0,155,cosine
naver-pinpoint_1.7.1,3,3,0,3,35,503,14,0,35,cosine
naver-pinpoint_1.7.1,3,43,0,3,35,503,14,0,155,cosine
naver-pinpoint_1.7.1,43,3,0,3,155,503,48,0,35,cosine
naver-pinpoint_1.7.1,43,43,0,3,155,503,48,0,155,cosine
naver-pinpoint_1.7.1,43,3,0,3,155,503,48,0,35,cosine
naver-pinpoint_1.7.1,43,43,0,3,155,503,48,0,155,cosine
naver-pinpoint_1.7.1,3,3,0,622,35,23066,14,0,35,cosine
naver-pinpoint_1.7.1,3,43,0,622,35,23066,14,0,155,cosine
naver-pinpoint_1.7.1,3,3,0,622,35,23066,14,0,35,cosine
naver-pinpoint_1.7.1,3,43,0,622,35,23066,14,0,155,cosine
naver-pinpoint_1.7.1,43,3,0,622,155,23066,48,0,35,cosine
naver-pinpoint_1.7.1,43,43,0,622,155,23066,48,0,155,cosine
naver-pinpoint_1.7.1,43,3,0,622,155,23066,48,0,35,cosine
naver-pinpoint_1.7.1,43,43,0,622,155,23066,48,0,155,cosine
naver-pinpoint_1.7.2,3,3,0,4,47,536,14,0,47,cosine
naver-pinpoint_1.7.2,3,43,0,4,47,536,14,0,157,cosine
naver-pinpoint_1.7.2,3,3,0,4,47,536,14,0,47,cosine
naver-pinpoint_1.7.2,3,43,0,4,47,536,14,0,157,cosine
naver-pinpoint_1.7.2,43,3,0,4,157,536,48,0,47,cosine
naver-pinpoint_1.7.2,43,43,0,4,157,536,48,0,157,cosine
naver-pinpoint_1.7.2,43,3,0,4,157,536,48,0,47,cosine
naver-pinpoint_1.7.2,43,43,0,4,157,536,48,0,157,cosine
naver-pinpoint_1.7.2,3,3,0,659,47,23604,14,0,47,cosine
naver-pinpoint_1.7.2,3,43,0,659,47,23604,14,0,157,cosine
naver-pinpoint_1.7.2,3,3,0,659,47,23604,14,0,47,cosine
naver-pinpoint_1.7.2,3,43,0,659,47,23604,14,0,157,cosine
naver-pinpoint_1.7.2,43,3,0,659,157,23604,48,0,47,cosine
naver-pinpoint_1.7.2,43,43,0,659,157,23604,48,0,157,cosine
naver-pinpoint_1.7.2,43,3,0,659,157,23604,48,0,47,cosine
naver-pinpoint_1.7.2,43,43,0,659,157,23604,48,0,157,cosine
naver-pinpoint_1.7.3,3,3,0,4,47,567,14,0,47,cosine
naver-pinpoint_1.7.3,3,43,0,4,47,567,14,0,157,cosine
naver-pinpoint_1.7.3,3,3,0,4,47,567,14,0,47,cosine
naver-pinpoint_1.7.3,3,43,0,4,47,567,14,0,157,cosine
naver-pinpoint_1.7.3,43,3,0,4,157,567,48,0,47,cosine
naver-pinpoint_1.7.3,43,43,0,4,157,567,48,0,157,cosine
naver-pinpoint_1.7.3,43,3,0,4,157,567,48,0,47,cosine
naver-pinpoint_1.7.3,43,43,0,4,157,567,48,0,157,cosine
naver-pinpoint_1.7.3,3,3,0,661,47,23669,14,0,47,cosine
naver-pinpoint_1.7.3,3,43,0,661,47,23669,14,0,157,cosine
naver-pinpoint_1.7.3,3,3,0,661,47,23669,14,0,47,cosine
naver-pinpoint_1.7.3,3,43,0,661,47,23669,14,0,157,cosine
naver-pinpoint_1.7.3,43,3,0,661,157,23669,48,0,47,cosine
naver-pinpoint_1.7.3,43,43,0,661,157,23669,48,0,157,cosine
naver-pinpoint_1.7.3,43,3,0,661,157,23669,48,0,47,cosine
naver-pinpoint_1.7.3,43,43,0,661,157,23669,48,0,157,cosine
naver-pinpoint_1.8.0,21,21,0,1270,193,37785,28,0,193,cosine
naver-pinpoint_1.8.0,21,43,0,1270,193,37785,28,0,96,cosine
naver-pinpoint_1.8.0,21,21,0,1270,193,37785,28,0,193,cosine
naver-pinpoint_1.8.0,21,43,0,1270,193,37785,28,0,96,cosine
naver-pinpoint_1.8.0,43,21,0,1270,96,37785,48,1,193,cosine
naver-pinpoint_1.8.0,43,43,0,1270,96,37785,48,1,96,cosine
naver-pinpoint_1.8.0,43,21,0,1270,96,37785,48,1,193,cosine
naver-pinpoint_1.8.0,43,43,0,1270,96,37785,48,1,96,cosine
naver-pinpoint_1.8.0,21,21,1,686,193,26108,28,0,193,cosine
naver-pinpoint_1.8.0,21,43,1,686,193,26108,28,0,96,cosine
naver-pinpoint_1.8.0,21,21,1,686,193,26108,28,0,193,cosine
naver-pinpoint_1.8.0,21,43,1,686,193,26108,28,0,96,cosine
naver-pinpoint_1.8.0,43,21,1,686,96,26108,48,1,193,cosine
naver-pinpoint_1.8.0,43,43,1,686,96,26108,48,1,96,cosine
naver-pinpoint_1.8.0,43,21,1,686,96,26108,48,1,193,cosine
naver-pinpoint_1.8.0,43,43,1,686,96,26108,48,1,96,cosine
naver-pinpoint_1.8.1,43,43,1,772,96,27693,50,1,96,cosine
naver-pinpoint_1.8.2,3,3,0,6,47,605,19,0,47,cosine
naver-pinpoint_1.8.2,3,43,0,6,47,605,19,0,96,cosine
naver-pinpoint_1.8.2,3,3,0,6,47,605,19,0,47,cosine
naver-pinpoint_1.8.2,3,43,0,6,47,605,19,0,96,cosine
naver-pinpoint_1.8.2,43,3,0,6,96,605,50,1,47,cosine
naver-pinpoint_1.8.2,43,43,0,6,96,605,50,1,96,cosine
naver-pinpoint_1.8.2,43,3,0,6,96,605,50,1,47,cosine
naver-pinpoint_1.8.2,43,43,0,6,96,605,50,1,96,cosine
naver-pinpoint_1.8.2,3,3,1,791,47,27738,19,0,47,cosine
naver-pinpoint_1.8.2,3,43,1,791,47,27738,19,0,96,cosine
naver-pinpoint_1.8.2,3,3,1,791,47,27738,19,0,47,cosine
naver-pinpoint_1.8.2,3,43,1,791,47,27738,19,0,96,cosine
naver-pinpoint_1.8.2,43,3,1,791,96,27738,50,1,47,cosine
naver-pinpoint_1.8.2,43,43,1,791,96,27738,50,1,96,cosine
naver-pinpoint_1.8.2,43,3,1,791,96,27738,50,1,47,cosine
naver-pinpoint_1.8.2,43,43,1,791,96,27738,50,1,96,cosine
naver-pinpoint_1.8.3,3,3,0,6,47,618,19,0,47,cosine
naver-pinpoint_1.8.3,3,43,0,6,47,618,19,0,96,cosine
naver-pinpoint_1.8.3,3,3,0,6,47,618,19,0,47,cosine
naver-pinpoint_1.8.3,3,43,0,6,47,618,19,0,96,cosine
naver-pinpoint_1.8.3,43,3,0,6,96,618,50,1,47,cosine
naver-pinpoint_1.8.3,43,43,0,6,96,618,50,1,96,cosine
naver-pinpoint_1.8.3,43,3,0,6,96,618,50,1,47,cosine
naver-pinpoint_1.8.3,43,43,0,6,96,618,50,1,96,cosine
naver-pinpoint_1.8.3,3,3,1,791,47,27740,19,0,47,cosine
naver-pinpoint_1.8.3,3,43,1,791,47,27740,19,0,96,cosine
naver-pinpoint_1.8.3,3,3,1,791,47,27740,19,0,47,cosine
naver-pinpoint_1.8.3,3,43,1,791,47,27740,19,0,96,cosine
naver-pinpoint_1.8.3,43,3,1,791,96,27740,50,1,47,cosine
naver-pinpoint_1.8.3,43,43,1,791,96,27740,50,1,96,cosine
naver-pinpoint_1.8.3,43,3,1,791,96,27740,50,1,47,cosine
naver-pinpoint_1.8.3,43,43,1,791,96,27740,50,1,96,cosine
naver-pinpoint_1.8.4,43,43,1,792,96,27860,50,1,96,cosine
pxb1988-dex2jar_0.0.9.4,4,4,0,29,35,853,44,0,35,cosine
pxb1988-dex2jar_0.0.9.5,4,4,0,36,36,964,44,0,36,euclidean
pxb1988-dex2jar_0.0.9.6,4,4,0,38,36,983,44,0,36,euclidean
pxb1988-dex2jar_0.0.9.7,2,2,0,34,35,992,44,0,35,euclidean
pxb1988-dex2jar_0.0.9.8,2,2,0,38,37,1029,45,0,37,euclidean
pxb1988-dex2jar_0.0.9.9,2,2,0,42,37,1074,49,0,37,euclidean
ReactiveX-RxJava_2.2.11,4,4,0,8517,352,22033,27,0,352,cosine
ReactiveX-RxJava_2.2.12,4,4,0,8523,352,22049,27,0,352,cosine
ReactiveX-RxJava_2.2.2,4,4,0,8128,350,21392,27,0,350,cosine
ReactiveX-RxJava_2.2.3,4,4,0,8136,350,21421,27,0,350,cosine
ReactiveX-RxJava_2.2.4,4,4,0,8209,352,21593,27,0,352,cosine
ReactiveX-RxJava_2.2.5,4,4,0,8209,352,21593,27,0,352,cosine
ReactiveX-RxJava_2.2.6,4,4,0,8281,352,21690,27,0,352,cosine
ReactiveX-RxJava_2.2.7,4,4,0,8295,352,21733,27,0,352,cosine
ReactiveX-RxJava_2.2.8,4,4,0,8295,352,21735,27,0,352,cosine
redisson-redisson_3.11.3,6,6,0,499,138,11402,110,0,138,cosine
redisson-redisson_3.7.2,6,6,0,950,131,8047,110,0,131,cosine
redisson-redisson_3.7.3,6,6,0,953,133,8058,110,0,133,cosine
redisson-redisson_3.7.4,6,6,0,953,133,8075,110,0,133,cosine
redisson-redisson_3.7.5,6,6,0,1055,133,8158,110,0,133,cosine
redisson-redisson_3.8.0,6,6,0,1090,134,8733,110,0,134,cosine
redisson-redisson_3.8.1,6,6,0,1130,134,8814,110,0,134,cosine
redisson-redisson_3.8.2,6,6,0,693,134,8467,110,0,134,cosine
redisson-redisson_3.9.0,6,6,0,711,135,9195,110,0,135,cosine
