file,class,type,cbo,wmc,dit,rfc,lcom,totalMethods,staticMethods,publicMethods,privateMethods,protectedMethods,defaultMethods,abstractMethods,finalMethods,synchronizedMethods,totalFields,staticFields,publicFields,privateFields,protectedFields,defaultFields,finalFields,synchronizedFields,nosi,loc,returnQty,loopQty,comparisonsQty,tryCatchQty,parenthesizedExpsQty,stringLiteralsQty,numbersQty,assignmentsQty,mathOperationsQty,variablesQty,maxNestedBlocks,anonymousClassesQty,subClassesQty,lambdasQty,uniqueWordsQty,modifiers
C:\Users\tanji\Desktop\FIT4003\raw_sourcecode\airbnb-lottie-android\airbnb-lottie-android-3.0.7\lottie\src\main\java\com\airbnb\lottie\animation\content\BaseStrokeContent.java,com.airbnb.lottie.animation.content.BaseStrokeContent,class,46,58,1,62,6,9,0,6,2,0,0,0,0,0,14,0,0,12,1,0,13,0,24,293,4,13,11,0,12,17,48,60,45,46,3,0,1,0,95,1025
C:\Users\tanji\Desktop\FIT4003\raw_sourcecode\airbnb-lottie-android\airbnb-lottie-android-3.0.7\lottie\src\main\java\com\airbnb\lottie\animation\content\CompoundTrimPathContent.java,com.airbnb.lottie.animation.content.CompoundTrimPathContent,class,3,3,1,4,0,2,0,1,0,0,0,0,0,0,1,0,0,1,0,0,0,0,1,16,0,1,0,0,0,0,2,2,1,2,1,0,0,0,10,1
C:\Users\tanji\Desktop\FIT4003\raw_sourcecode\airbnb-lottie-android\airbnb-lottie-android-3.0.7\lottie\src\main\java\com\airbnb\lottie\animation\content\Content.java,com.airbnb.lottie.animation.content.Content,interface,1,2,1,0,1,2,0,0,0,0,0,0,0,0,0,0,0,0,0,0,0,0,0,6,0,0,0,0,0,0,0,0,0,0,-1,0,0,0,7,1
C:\Users\tanji\Desktop\FIT4003\raw_sourcecode\airbnb-lottie-android\airbnb-lottie-android-3.0.7\lottie\src\main\java\com\airbnb\lottie\animation\content\ContentGroup.java,com.airbnb.lottie.animation.content.ContentGroup,class,26,46,1,47,0,14,2,9,1,0,0,0,0,0,9,0,0,9,0,0,7,0,2,190,11,10,2,0,5,1,25,37,12,35,3,0,0,0,72,1
C:\Users\tanji\Desktop\FIT4003\raw_sourcecode\airbnb-lottie-android\airbnb-lottie-android-3.0.7\lottie\src\main\java\com\airbnb\lottie\animation\content\DrawingContent.java,com.airbnb.lottie.animation.content.DrawingContent,interface,4,2,1,0,1,2,0,0,0,0,0,0,0,0,0,0,0,0,0,0,0,0,0,8,0,0,0,0,0,0,0,0,0,0,-1,0,0,0,12,1
C:\Users\tanji\Desktop\FIT4003\raw_sourcecode\airbnb-lottie-android\airbnb-lottie-android-3.0.7\lottie\src\main\java\com\airbnb\lottie\animation\content\EllipseContent.java,com.airbnb.lottie.animation.content.EllipseContent,class,22,16,1,25,14,8,0,7,1,0,0,0,0,0,9,1,0,9,0,0,7,0,1,105,4,1,3,0,1,1,30,20,20,18,2,0,0,0,67,1
C:\Users\tanji\Desktop\FIT4003\raw_sourcecode\airbnb-lottie-android\airbnb-lottie-android-3.0.7\lottie\src\main\java\com\airbnb\lottie\animation\content\FillContent.java,com.airbnb.lottie.animation.content.FillContent,class,30,20,1,34,10,8,0,8,0,0,0,0,0,0,10,0,0,10,0,0,9,0,4,121,3,3,6,0,3,3,12,18,8,15,2,0,0,0,60,1
C:\Users\tanji\Desktop\FIT4003\raw_sourcecode\airbnb-lottie-android\airbnb-lottie-android-3.0.7\lottie\src\main\java\com\airbnb\lottie\animation\content\GradientFillContent.java,com.airbnb.lottie.animation.content.GradientFillContent,class,53,35,1,58,34,12,0,8,4,0,0,0,0,0,20,1,0,20,0,0,18,0,8,230,8,5,7,0,3,3,24,64,17,52,3,0,0,0,106,1
C:\Users\tanji\Desktop\FIT4003\raw_sourcecode\airbnb-lottie-android\airbnb-lottie-android-3.0.7\lottie\src\main\java\com\airbnb\lottie\animation\content\GradientStrokeContent.java,com.airbnb.lottie.animation.content.GradientStrokeContent,class,36,22,2,45,6,8,0,4,4,0,0,0,0,0,12,1,0,12,0,0,11,0,4,156,8,2,4,0,9,0,18,53,33,43,3,0,0,0,79,1
C:\Users\tanji\Desktop\FIT4003\raw_sourcecode\airbnb-lottie-android\airbnb-lottie-android-3.0.7\lottie\src\main\java\com\airbnb\lottie\animation\content\GreedyContent.java,com.airbnb.lottie.animation.content.GreedyContent,interface,1,1,1,0,0,1,0,0,0,0,0,0,0,0,0,0,0,0,0,0,0,0,0,5,0,0,0,0,0,0,0,0,0,0,-1,0,0,0,51,0
C:\Users\tanji\Desktop\FIT4003\raw_sourcecode\airbnb-lottie-android\airbnb-lottie-android-3.0.7\lottie\src\main\java\com\airbnb\lottie\animation\content\KeyPathElementContent.java,com.airbnb.lottie.animation.content.KeyPathElementContent,interface,2,0,1,0,0,0,0,0,0,0,0,0,0,0,0,0,0,0,0,0,0,0,0,4,0,0,0,0,0,0,0,0,0,0,-1,0,0,0,4,1
C:\Users\tanji\Desktop\FIT4003\raw_sourcecode\airbnb-lottie-android\airbnb-lottie-android-3.0.7\lottie\src\main\java\com\airbnb\lottie\animation\content\MergePathsContent.java,com.airbnb.lottie.animation.content.MergePathsContent,class,10,24,1,20,1,7,0,5,2,0,0,0,0,0,6,0,0,6,0,0,6,0,0,101,3,7,0,0,4,1,8,18,2,18,3,0,0,0,36,1
C:\Users\tanji\Desktop\FIT4003\raw_sourcecode\airbnb-lottie-android\airbnb-lottie-android-3.0.7\lottie\src\main\java\com\airbnb\lottie\animation\content\ModifierContent.java,com.airbnb.lottie.animation.content.ModifierContent,interface,0,0,1,0,0,0,0,0,0,0,0,0,0,0,0,0,0,0,0,0,0,0,0,3,0,0,0,0,0,0,0,0,0,0,-1,0,0,0,2,1
C:\Users\tanji\Desktop\FIT4003\raw_sourcecode\airbnb-lottie-android\airbnb-lottie-android-3.0.7\lottie\src\main\java\com\airbnb\lottie\animation\content\PathContent.java,com.airbnb.lottie.animation.content.PathContent,interface,2,1,1,0,0,1,0,0,0,0,0,0,0,0,0,0,0,0,0,0,0,0,0,6,0,0,0,0,0,0,0,0,0,0,-1,0,0,0,3,0
C:\Users\tanji\Desktop\FIT4003\raw_sourcecode\airbnb-lottie-android\airbnb-lottie-android-3.0.7\lottie\src\main\java\com\airbnb\lottie\animation\content\PolystarContent.java,com.airbnb.lottie.animation.content.PolystarContent,class,26,52,1,42,19,10,0,7,3,0,0,0,0,0,16,2,0,16,0,0,14,0,28,268,4,3,19,0,19,1,38,105,56,75,4,0,0,0,126,1
C:\Users\tanji\Desktop\FIT4003\raw_sourcecode\airbnb-lottie-android\airbnb-lottie-android-3.0.7\lottie\src\main\java\com\airbnb\lottie\animation\content\RectangleContent.java,com.airbnb.lottie.animation.content.RectangleContent,class,29,22,1,31,14,8,0,7,1,0,0,0,0,0,10,0,0,10,0,0,8,0,2,140,4,1,5,0,2,0,24,22,49,19,2,0,0,0,60,1
C:\Users\tanji\Desktop\FIT4003\raw_sourcecode\airbnb-lottie-android\airbnb-lottie-android-3.0.7\lottie\src\main\java\com\airbnb\lottie\animation\content\RepeaterContent.java,com.airbnb.lottie.animation.content.RepeaterContent,class,27,18,1,34,7,10,0,10,0,0,0,0,0,0,10,0,0,10,0,0,9,0,3,111,4,4,2,0,0,2,6,21,8,21,1,0,0,0,61,1
C:\Users\tanji\Desktop\FIT4003\raw_sourcecode\airbnb-lottie-android\airbnb-lottie-android-3.0.7\lottie\src\main\java\com\airbnb\lottie\animation\content\ShapeContent.java,com.airbnb.lottie.animation.content.ShapeContent,class,13,11,1,18,5,6,0,5,1,0,0,0,0,0,7,0,0,7,0,0,5,0,0,61,4,1,1,0,1,0,1,12,0,10,2,0,0,0,33,1
C:\Users\tanji\Desktop\FIT4003\raw_sourcecode\airbnb-lottie-android\airbnb-lottie-android-3.0.7\lottie\src\main\java\com\airbnb\lottie\animation\content\StrokeContent.java,com.airbnb.lottie.animation.content.StrokeContent,class,19,9,2,23,0,4,0,4,0,0,0,0,0,0,5,0,0,5,0,0,4,0,0,63,2,0,3,0,1,1,0,6,0,5,2,0,0,0,38,1
C:\Users\tanji\Desktop\FIT4003\raw_sourcecode\airbnb-lottie-android\airbnb-lottie-android-3.0.7\lottie\src\main\java\com\airbnb\lottie\animation\content\TrimPathContent.java,com.airbnb.lottie.animation.content.TrimPathContent,class,8,11,1,13,31,10,0,8,0,0,0,0,0,0,7,0,0,7,0,0,7,0,0,57,6,1,0,0,0,0,1,8,0,8,1,0,0,0,34,1
C:\Users\tanji\Desktop\FIT4003\raw_sourcecode\airbnb-lottie-android\airbnb-lottie-android-3.0.7\lottie\src\main\java\com\airbnb\lottie\animation\keyframe\BaseKeyframeAnimation.java,com.airbnb.lottie.animation.keyframe.BaseKeyframeAnimation,class,8,38,1,20,47,14,0,7,1,2,0,1,0,0,11,0,0,9,1,0,2,0,0,132,14,2,6,0,0,0,24,32,6,23,3,0,1,0,80,1025
C:\Users\tanji\Desktop\FIT4003\raw_sourcecode\airbnb-lottie-android\airbnb-lottie-android-3.0.7\lottie\src\main\java\com\airbnb\lottie\animation\keyframe\ColorKeyframeAnimation.java,com.airbnb.lottie.animation.keyframe.ColorKeyframeAnimation,class,7,8,3,8,6,4,0,3,0,0,0,0,0,0,0,0,0,0,0,0,0,0,2,32,4,0,2,0,0,1,2,3,0,3,2,0,0,0,23,1
C:\Users\tanji\Desktop\FIT4003\raw_sourcecode\airbnb-lottie-android\airbnb-lottie-android-3.0.7\lottie\src\main\java\com\airbnb\lottie\animation\keyframe\FloatKeyframeAnimation.java,com.airbnb.lottie.animation.keyframe.FloatKeyframeAnimation,class,6,8,3,9,6,4,0,2,0,0,0,0,0,0,0,0,0,0,0,0,0,0,1,29,4,0,2,0,0,1,0,1,0,1,2,0,0,0,19,1
C:\Users\tanji\Desktop\FIT4003\raw_sourcecode\airbnb-lottie-android\airbnb-lottie-android-3.0.7\lottie\src\main\java\com\airbnb\lottie\animation\keyframe\GradientColorKeyframeAnimation.java,com.airbnb.lottie.animation.keyframe.GradientColorKeyframeAnimation,class,5,3,3,3,0,2,0,1,0,0,0,0,0,0,1,0,0,1,0,0,1,0,0,17,1,0,1,0,0,0,2,3,0,3,0,0,0,0,13,1
C:\Users\tanji\Desktop\FIT4003\raw_sourcecode\airbnb-lottie-android\airbnb-lottie-android-3.0.7\lottie\src\main\java\com\airbnb\lottie\animation\keyframe\IntegerKeyframeAnimation.java,com.airbnb.lottie.animation.keyframe.IntegerKeyframeAnimation,class,6,8,3,9,6,4,0,2,0,0,0,0,0,0,0,0,0,0,0,0,0,0,1,30,4,0,2,0,0,1,0,1,0,1,2,0,0,0,20,1
C:\Users\tanji\Desktop\FIT4003\raw_sourcecode\airbnb-lottie-android\airbnb-lottie-android-3.0.7\lottie\src\main\java\com\airbnb\lottie\animation\keyframe\KeyframeAnimation.java,com.airbnb.lottie.animation.keyframe.KeyframeAnimation,class,3,1,2,0,0,1,0,0,0,0,0,0,0,0,0,0,0,0,0,0,0,0,0,8,0,0,0,0,0,0,0,0,0,0,0,0,0,0,3,1024
C:\Users\tanji\Desktop\FIT4003\raw_sourcecode\airbnb-lottie-android\airbnb-lottie-android-3.0.7\lottie\src\main\java\com\airbnb\lottie\animation\keyframe\MaskKeyframeAnimation.java,com.airbnb.lottie.animation.keyframe.MaskKeyframeAnimation,class,7,5,1,8,0,4,0,4,0,0,0,0,0,0,3,0,0,3,0,0,3,0,0,31,3,1,0,0,0,0,1,5,0,5,1,0,0,0,14,1
C:\Users\tanji\Desktop\FIT4003\raw_sourcecode\airbnb-lottie-android\airbnb-lottie-android-3.0.7\lottie\src\main\java\com\airbnb\lottie\animation\keyframe\PathKeyframe.java,com.airbnb.lottie.animation.keyframe.PathKeyframe,class,7,5,2,3,0,3,0,2,0,0,0,0,0,0,2,0,0,2,0,0,1,0,1,27,1,0,0,0,0,0,0,3,0,3,1,0,0,0,22,1
C:\Users\tanji\Desktop\FIT4003\raw_sourcecode\airbnb-lottie-android\airbnb-lottie-android-3.0.7\lottie\src\main\java\com\airbnb\lottie\animation\keyframe\PathKeyframeAnimation.java,com.airbnb.lottie.animation.keyframe.PathKeyframeAnimation,class,10,6,3,8,1,2,0,2,0,0,0,0,0,0,4,0,0,4,0,0,2,0,0,37,3,0,1,0,0,0,3,7,1,7,2,0,0,0,17,1
C:\Users\tanji\Desktop\FIT4003\raw_sourcecode\airbnb-lottie-android\airbnb-lottie-android-3.0.7\lottie\src\main\java\com\airbnb\lottie\animation\keyframe\PointKeyframeAnimation.java,com.airbnb.lottie.animation.keyframe.PointKeyframeAnimation,class,5,6,3,4,1,2,0,2,0,0,0,0,0,0,1,0,0,1,0,0,1,0,0,27,2,0,2,0,2,1,0,4,6,4,2,0,0,0,19,1
C:\Users\tanji\Desktop\FIT4003\raw_sourcecode\airbnb-lottie-android\airbnb-lottie-android-3.0.7\lottie\src\main\java\com\airbnb\lottie\animation\keyframe\ScaleKeyframeAnimation.java,com.airbnb.lottie.animation.keyframe.ScaleKeyframeAnimation,class,6,6,3,7,1,2,0,2,0,0,0,0,0,0,1,0,0,1,0,0,1,0,2,31,2,0,2,0,0,1,0,4,0,4,2,0,0,0,21,1
C:\Users\tanji\Desktop\FIT4003\raw_sourcecode\airbnb-lottie-android\airbnb-lottie-android-3.0.7\lottie\src\main\java\com\airbnb\lottie\animation\keyframe\ShapeKeyframeAnimation.java,com.airbnb.lottie.animation.keyframe.ShapeKeyframeAnimation,class,6,2,2,2,1,2,0,2,0,0,0,0,0,0,2,0,0,2,0,0,2,0,1,20,1,0,0,0,0,0,0,4,0,4,0,0,0,0,13,1
C:\Users\tanji\Desktop\FIT4003\raw_sourcecode\airbnb-lottie-android\airbnb-lottie-android-3.0.7\lottie\src\main\java\com\airbnb\lottie\animation\keyframe\SplitDimensionPathKeyframeAnimation.java,com.airbnb.lottie.animation.keyframe.SplitDimensionPathKeyframeAnimation,class,7,5,2,10,2,4,0,3,0,0,0,0,0,0,3,0,0,3,0,0,3,0,1,31,2,1,0,0,0,0,2,4,0,4,1,0,0,0,19,1
C:\Users\tanji\Desktop\FIT4003\raw_sourcecode\airbnb-lottie-android\airbnb-lottie-android-3.0.7\lottie\src\main\java\com\airbnb\lottie\animation\keyframe\TextKeyframeAnimation.java,com.airbnb.lottie.animation.keyframe.TextKeyframeAnimation,class,3,2,3,0,1,2,0,1,0,0,0,0,0,0,0,0,0,0,0,0,0,0,0,12,1,0,0,0,0,0,0,0,0,0,0,0,0,0,10,1
C:\Users\tanji\Desktop\FIT4003\raw_sourcecode\airbnb-lottie-android\airbnb-lottie-android-3.0.7\lottie\src\main\java\com\airbnb\lottie\animation\keyframe\TransformKeyframeAnimation.java,com.airbnb.lottie.animation.keyframe.TransformKeyframeAnimation,class,33,85,1,50,0,11,0,10,1,0,0,0,0,0,14,0,0,14,0,0,5,0,10,290,7,1,31,0,1,1,42,57,5,26,2,0,0,0,89,1
C:\Users\tanji\Desktop\FIT4003\raw_sourcecode\airbnb-lottie-android\airbnb-lottie-android-3.0.7\lottie\src\main\java\com\airbnb\lottie\animation\keyframe\ValueCallbackKeyframeAnimation.java,com.airbnb.lottie.animation.keyframe.ValueCallbackKeyframeAnimation,class,8,7,2,6,13,6,0,4,0,0,0,0,0,0,2,0,0,2,0,0,2,0,1,32,3,0,0,0,0,0,3,2,0,2,1,0,0,0,26,1
C:\Users\tanji\Desktop\FIT4003\raw_sourcecode\airbnb-lottie-android\airbnb-lottie-android-3.0.7\lottie\src\main\java\com\airbnb\lottie\animation\LPaint.java,com.airbnb.lottie.animation.LPaint,class,5,5,2,1,10,5,0,5,0,0,0,0,0,0,0,0,0,0,0,0,0,0,0,25,0,0,0,0,0,0,0,0,0,0,0,0,0,0,29,1
C:\Users\tanji\Desktop\FIT4003\raw_sourcecode\airbnb-lottie-android\airbnb-lottie-android-3.0.7\lottie\src\main\java\com\airbnb\lottie\Cancellable.java,com.airbnb.lottie.Cancellable,interface,0,1,1,0,0,1,0,0,0,0,0,0,0,0,0,0,0,0,0,0,0,0,0,5,0,0,0,0,0,0,0,0,0,0,-1,0,0,0,2,1
C:\Users\tanji\Desktop\FIT4003\raw_sourcecode\airbnb-lottie-android\airbnb-lottie-android-3.0.7\lottie\src\main\java\com\airbnb\lottie\FontAssetDelegate.java,com.airbnb.lottie.FontAssetDelegate,class,1,2,1,0,1,2,0,2,0,0,0,0,0,0,0,0,0,0,0,0,0,0,0,10,2,0,0,0,0,2,0,0,0,0,0,0,0,0,37,1
C:\Users\tanji\Desktop\FIT4003\raw_sourcecode\airbnb-lottie-android\airbnb-lottie-android-3.0.7\lottie\src\main\java\com\airbnb\lottie\ImageAssetDelegate.java,com.airbnb.lottie.ImageAssetDelegate,interface,3,1,1,0,0,1,0,0,0,0,0,0,0,0,0,0,0,0,0,0,0,0,0,6,0,0,0,0,0,0,0,0,0,0,-1,0,0,0,20,1
C:\Users\tanji\Desktop\FIT4003\raw_sourcecode\airbnb-lottie-android\airbnb-lottie-android-3.0.7\lottie\src\main\java\com\airbnb\lottie\L.java,com.airbnb.lottie.L,class,2,11,1,4,0,3,3,3,0,0,0,0,0,0,8,8,2,6,0,0,2,0,2,56,6,0,3,0,1,5,8,11,3,8,1,0,0,0,38,1
C:\Users\tanji\Desktop\FIT4003\raw_sourcecode\airbnb-lottie-android\airbnb-lottie-android-3.0.7\lottie\src\main\java\com\airbnb\lottie\LottieAnimationView.java,com.airbnb.lottie.LottieAnimationView,class,41,137,3,131,53,82,0,72,5,5,0,0,0,0,14,1,0,14,0,0,4,0,8,576,24,1,5,0,1,7,21,65,2,32,3,4,1,0,545,1
C:\Users\tanji\Desktop\FIT4003\raw_sourcecode\airbnb-lottie-android\airbnb-lottie-android-3.0.7\lottie\src\main\java\com\airbnb\lottie\LottieComposition.java,com.airbnb.lottie.LottieComposition,class,17,28,1,16,248,25,0,25,0,0,0,0,0,0,15,0,0,15,0,0,2,0,2,245,21,2,0,0,1,6,3,20,3,19,2,0,2,0,179,1
C:\Users\tanji\Desktop\FIT4003\raw_sourcecode\airbnb-lottie-android\airbnb-lottie-android-3.0.7\lottie\src\main\java\com\airbnb\lottie\LottieCompositionFactory.java,com.airbnb.lottie.LottieCompositionFactory,class,20,47,1,55,276,24,23,17,7,0,0,0,0,0,1,1,0,1,0,0,1,0,34,264,32,4,3,6,0,13,1,19,5,17,3,11,0,0,213,1
C:\Users\tanji\Desktop\FIT4003\raw_sourcecode\airbnb-lottie-android\airbnb-lottie-android-3.0.7\lottie\src\main\java\com\airbnb\lottie\LottieDrawable.java,com.airbnb.lottie.LottieDrawable,class,50,143,2,111,1589,83,0,76,6,0,0,0,0,0,22,4,3,17,0,0,8,0,14,730,65,2,37,0,7,18,32,66,23,52,2,16,2,0,475,1
C:\Users\tanji\Desktop\FIT4003\raw_sourcecode\airbnb-lottie-android\airbnb-lottie-android-3.0.7\lottie\src\main\java\com\airbnb\lottie\LottieImageAsset.java,com.airbnb.lottie.LottieImageAsset,class,3,8,1,0,16,8,0,8,0,0,0,0,0,0,6,0,0,6,0,0,5,0,0,41,6,0,0,0,0,1,0,6,0,6,0,0,0,0,39,1
C:\Users\tanji\Desktop\FIT4003\raw_sourcecode\airbnb-lottie-android\airbnb-lottie-android-3.0.7\lottie\src\main\java\com\airbnb\lottie\LottieListener.java,com.airbnb.lottie.LottieListener,interface,1,1,1,0,0,1,0,0,0,0,0,0,0,0,0,0,0,0,0,0,0,0,0,4,0,0,0,0,0,0,0,0,0,0,-1,0,0,0,14,1
C:\Users\tanji\Desktop\FIT4003\raw_sourcecode\airbnb-lottie-android\airbnb-lottie-android-3.0.7\lottie\src\main\java\com\airbnb\lottie\LottieLogger.java,com.airbnb.lottie.LottieLogger,interface,0,4,1,0,6,4,0,0,0,0,0,0,0,0,0,0,0,0,0,0,0,0,0,7,0,0,0,0,0,0,0,0,0,0,-1,0,0,0,14,1
C:\Users\tanji\Desktop\FIT4003\raw_sourcecode\airbnb-lottie-android\airbnb-lottie-android-3.0.7\lottie\src\main\java\com\airbnb\lottie\LottieOnCompositionLoadedListener.java,com.airbnb.lottie.LottieOnCompositionLoadedListener,interface,1,1,1,0,0,1,0,0,0,0,0,0,0,0,0,0,0,0,0,0,0,0,0,4,0,0,0,0,0,0,0,0,0,0,-1,0,0,0,7,1
C:\Users\tanji\Desktop\FIT4003\raw_sourcecode\airbnb-lottie-android\airbnb-lottie-android-3.0.7\lottie\src\main\java\com\airbnb\lottie\LottieProperty.java,com.airbnb.lottie.LottieProperty,interface,5,0,1,0,0,0,0,0,0,0,0,0,0,0,29,0,0,0,0,0,0,0,0,36,0,0,0,0,0,0,22,29,0,29,-1,0,0,0,88,1
C:\Users\tanji\Desktop\FIT4003\raw_sourcecode\airbnb-lottie-android\airbnb-lottie-android-3.0.7\lottie\src\main\java\com\airbnb\lottie\LottieResult.java,com.airbnb.lottie.LottieResult,class,6,12,1,8,5,6,0,6,0,0,0,0,0,0,2,0,0,2,0,0,2,0,1,40,8,0,1,0,1,0,0,5,0,3,1,0,0,0,33,17
C:\Users\tanji\Desktop\FIT4003\raw_sourcecode\airbnb-lottie-android\airbnb-lottie-android-3.0.7\lottie\src\main\java\com\airbnb\lottie\LottieTask.java,com.airbnb.lottie.LottieTask,class,11,20,2,17,27,10,0,5,4,0,0,0,0,6,5,1,1,4,0,0,3,0,2,115,5,2,0,1,0,3,2,8,0,7,2,1,1,0,106,1
C:\Users\tanji\Desktop\FIT4003\raw_sourcecode\airbnb-lottie-android\airbnb-lottie-android-3.0.7\lottie\src\main\java\com\airbnb\lottie\manager\FontAssetManager.java,com.airbnb.lottie.manager.FontAssetManager,class,10,19,1,14,7,6,0,4,2,0,0,0,0,0,6,0,0,6,0,0,4,0,1,85,7,0,3,0,2,6,0,25,1,15,2,0,0,0,53,1
C:\Users\tanji\Desktop\FIT4003\raw_sourcecode\airbnb-lottie-android\airbnb-lottie-android-3.0.7\lottie\src\main\java\com\airbnb\lottie\manager\ImageAssetManager.java,com.airbnb.lottie.manager.ImageAssetManager,class,13,19,1,26,0,6,0,5,1,0,0,0,0,0,5,1,0,5,0,0,3,0,4,110,12,0,4,2,2,7,5,23,4,14,2,0,0,0,73,1
C:\Users\tanji\Desktop\FIT4003\raw_sourcecode\airbnb-lottie-android\airbnb-lottie-android-3.0.7\lottie\src\main\java\com\airbnb\lottie\model\animatable\AnimatableColorValue.java,com.airbnb.lottie.model.animatable.AnimatableColorValue,class,4,2,2,0,1,2,0,2,0,0,0,0,0,0,0,0,0,0,0,0,0,0,0,13,1,0,0,0,0,0,0,0,0,0,0,0,0,0,7,1
C:\Users\tanji\Desktop\FIT4003\raw_sourcecode\airbnb-lottie-android\airbnb-lottie-android-3.0.7\lottie\src\main\java\com\airbnb\lottie\model\animatable\AnimatableFloatValue.java,com.airbnb.lottie.model.animatable.AnimatableFloatValue,class,4,3,2,0,3,3,0,2,0,0,0,0,0,0,0,0,0,0,0,0,0,0,0,16,1,0,0,0,0,0,1,0,0,0,0,0,0,0,8,1
C:\Users\tanji\Desktop\FIT4003\raw_sourcecode\airbnb-lottie-android\airbnb-lottie-android-3.0.7\lottie\src\main\java\com\airbnb\lottie\model\animatable\AnimatableGradientColorValue.java,com.airbnb.lottie.model.animatable.AnimatableGradientColorValue,class,5,2,2,0,1,2,0,2,0,0,0,0,0,0,0,0,0,0,0,0,0,0,0,16,1,0,0,0,0,0,0,0,0,0,0,0,0,0,8,1
C:\Users\tanji\Desktop\FIT4003\raw_sourcecode\airbnb-lottie-android\airbnb-lottie-android-3.0.7\lottie\src\main\java\com\airbnb\lottie\model\animatable\AnimatableIntegerValue.java,com.airbnb.lottie.model.animatable.AnimatableIntegerValue,class,4,3,2,0,3,3,0,3,0,0,0,0,0,0,0,0,0,0,0,0,0,0,0,16,1,0,0,0,0,0,1,0,0,0,0,0,0,0,7,1
C:\Users\tanji\Desktop\FIT4003\raw_sourcecode\airbnb-lottie-android\airbnb-lottie-android-3.0.7\lottie\src\main\java\com\airbnb\lottie\model\animatable\AnimatablePathValue.java,com.airbnb.lottie.model.animatable.AnimatablePathValue,class,8,6,1,4,0,5,0,5,0,0,0,0,0,0,1,0,0,1,0,0,1,0,1,32,4,0,1,0,0,0,5,2,0,1,1,0,0,0,16,1
C:\Users\tanji\Desktop\FIT4003\raw_sourcecode\airbnb-lottie-android\airbnb-lottie-android-3.0.7\lottie\src\main\java\com\airbnb\lottie\model\animatable\AnimatablePointValue.java,com.airbnb.lottie.model.animatable.AnimatablePointValue,class,5,2,2,0,1,2,0,2,0,0,0,0,0,0,0,0,0,0,0,0,0,0,0,14,1,0,0,0,0,0,0,0,0,0,0,0,0,0,7,1
C:\Users\tanji\Desktop\FIT4003\raw_sourcecode\airbnb-lottie-android\airbnb-lottie-android-3.0.7\lottie\src\main\java\com\airbnb\lottie\model\animatable\AnimatableScaleValue.java,com.airbnb.lottie.model.animatable.AnimatableScaleValue,class,5,4,2,0,6,4,0,3,0,0,0,0,0,0,0,0,0,0,0,0,0,0,0,20,1,0,0,0,0,0,2,0,0,0,0,0,0,0,10,1
C:\Users\tanji\Desktop\FIT4003\raw_sourcecode\airbnb-lottie-android\airbnb-lottie-android-3.0.7\lottie\src\main\java\com\airbnb\lottie\model\animatable\AnimatableShapeValue.java,com.airbnb.lottie.model.animatable.AnimatableShapeValue,class,6,2,2,0,1,2,0,2,0,0,0,0,0,0,0,0,0,0,0,0,0,0,0,15,1,0,0,0,0,0,0,0,0,0,0,0,0,0,7,1
C:\Users\tanji\Desktop\FIT4003\raw_sourcecode\airbnb-lottie-android\airbnb-lottie-android-3.0.7\lottie\src\main\java\com\airbnb\lottie\model\animatable\AnimatableSplitDimensionPathValue.java,com.airbnb.lottie.model.animatable.AnimatableSplitDimensionPathValue,class,7,4,1,2,0,4,0,4,0,0,0,0,0,0,2,0,0,2,0,0,2,0,0,29,2,0,0,0,0,1,0,2,0,2,0,0,0,0,21,1
C:\Users\tanji\Desktop\FIT4003\raw_sourcecode\airbnb-lottie-android\airbnb-lottie-android-3.0.7\lottie\src\main\java\com\airbnb\lottie\model\animatable\AnimatableTextFrame.java,com.airbnb.lottie.model.animatable.AnimatableTextFrame,class,4,2,2,0,1,2,0,2,0,0,0,0,0,0,0,0,0,0,0,0,0,0,0,13,1,0,0,0,0,0,0,0,0,0,0,0,0,0,7,1
C:\Users\tanji\Desktop\FIT4003\raw_sourcecode\airbnb-lottie-android\airbnb-lottie-android-3.0.7\lottie\src\main\java\com\airbnb\lottie\model\animatable\AnimatableTextProperties.java,com.airbnb.lottie.model.animatable.AnimatableTextProperties,class,3,1,1,0,0,1,0,1,0,0,0,0,0,0,4,0,4,0,0,0,4,0,0,16,0,0,0,0,0,0,0,4,0,4,0,0,0,0,10,1
C:\Users\tanji\Desktop\FIT4003\raw_sourcecode\airbnb-lottie-android\airbnb-lottie-android-3.0.7\lottie\src\main\java\com\airbnb\lottie\model\animatable\AnimatableTransform.java,com.airbnb.lottie.model.animatable.AnimatableTransform,class,13,13,1,0,60,13,0,13,0,0,0,0,0,0,9,0,0,9,0,0,9,0,0,91,11,0,0,0,0,0,0,9,0,9,0,0,0,0,37,1
C:\Users\tanji\Desktop\FIT4003\raw_sourcecode\airbnb-lottie-android\airbnb-lottie-android-3.0.7\lottie\src\main\java\com\airbnb\lottie\model\animatable\AnimatableValue.java,com.airbnb.lottie.model.animatable.AnimatableValue,interface,4,3,1,0,3,3,0,0,0,0,0,0,0,0,0,0,0,0,0,0,0,0,0,9,0,0,0,0,0,0,0,0,0,0,-1,0,0,0,6,1
C:\Users\tanji\Desktop\FIT4003\raw_sourcecode\airbnb-lottie-android\airbnb-lottie-android-3.0.7\lottie\src\main\java\com\airbnb\lottie\model\animatable\BaseAnimatableValue.java,com.airbnb.lottie.model.animatable.BaseAnimatableValue,class,4,6,1,9,0,5,0,3,0,0,0,0,0,0,1,0,0,0,0,0,1,0,2,29,3,0,1,0,1,1,2,2,0,2,1,0,0,0,17,1024
C:\Users\tanji\Desktop\FIT4003\raw_sourcecode\airbnb-lottie-android\airbnb-lottie-android-3.0.7\lottie\src\main\java\com\airbnb\lottie\model\content\CircleShape.java,com.airbnb.lottie.model.content.CircleShape,class,8,7,1,0,11,7,0,7,0,0,0,0,0,0,5,0,0,5,0,0,5,0,0,41,6,0,0,0,0,0,0,5,0,5,0,0,0,0,25,1
C:\Users\tanji\Desktop\FIT4003\raw_sourcecode\airbnb-lottie-android\airbnb-lottie-android-3.0.7\lottie\src\main\java\com\airbnb\lottie\model\content\ContentModel.java,com.airbnb.lottie.model.content.ContentModel,interface,4,1,1,0,0,1,0,0,0,0,0,0,0,0,0,0,0,0,0,0,0,0,0,8,0,0,0,0,0,0,0,0,0,0,-1,0,0,0,8,1
C:\Users\tanji\Desktop\FIT4003\raw_sourcecode\airbnb-lottie-android\airbnb-lottie-android-3.0.7\lottie\src\main\java\com\airbnb\lottie\model\content\GradientColor.java,com.airbnb.lottie.model.content.GradientColor,class,5,7,1,2,0,5,0,5,0,0,0,0,0,0,2,0,0,2,0,0,2,0,2,30,3,1,0,0,0,3,1,5,1,3,1,0,0,0,19,1
C:\Users\tanji\Desktop\FIT4003\raw_sourcecode\airbnb-lottie-android\airbnb-lottie-android-3.0.7\lottie\src\main\java\com\airbnb\lottie\model\content\GradientFill.java,com.airbnb.lottie.model.content.GradientFill,class,12,12,1,0,46,12,0,10,0,0,0,0,0,0,10,0,0,10,0,0,10,0,0,72,11,0,0,0,0,0,0,10,0,10,0,0,0,0,35,1
C:\Users\tanji\Desktop\FIT4003\raw_sourcecode\airbnb-lottie-android\airbnb-lottie-android-3.0.7\lottie\src\main\java\com\airbnb\lottie\model\content\GradientStroke.java,com.airbnb.lottie.model.content.GradientStroke,class,13,15,1,0,79,15,0,15,0,0,0,0,0,0,13,0,0,13,0,0,13,0,0,89,14,0,0,0,0,0,0,13,0,13,0,0,0,0,45,1
C:\Users\tanji\Desktop\FIT4003\raw_sourcecode\airbnb-lottie-android\airbnb-lottie-android-3.0.7\lottie\src\main\java\com\airbnb\lottie\model\content\GradientType.java,com.airbnb.lottie.model.content.GradientType,enum,0,0,1,0,0,0,0,0,0,0,0,0,0,0,0,0,0,0,0,0,0,0,0,5,0,0,0,0,0,0,0,0,0,0,-1,0,-1,0,0,1
C:\Users\tanji\Desktop\FIT4003\raw_sourcecode\airbnb-lottie-android\airbnb-lottie-android-3.0.7\lottie\src\main\java\com\airbnb\lottie\model\content\Mask.java,com.airbnb.lottie.model.content.Mask,class,3,5,1,0,2,5,0,5,0,0,0,0,0,0,4,0,0,4,0,0,4,0,0,32,4,0,0,0,0,0,0,4,0,4,0,0,0,0,28,1
C:\Users\tanji\Desktop\FIT4003\raw_sourcecode\airbnb-lottie-android\airbnb-lottie-android-3.0.7\lottie\src\main\java\com\airbnb\lottie\model\content\MergePaths.java,com.airbnb.lottie.model.content.MergePaths,class,8,13,1,2,1,7,1,7,0,0,0,0,0,0,3,0,0,3,0,0,3,0,1,60,12,0,0,0,0,3,5,3,2,3,1,0,0,0,45,1
C:\Users\tanji\Desktop\FIT4003\raw_sourcecode\airbnb-lottie-android\airbnb-lottie-android-3.0.7\lottie\src\main\java\com\airbnb\lottie\model\content\PolystarShape.java,com.airbnb.lottie.model.content.PolystarShape,class,9,16,1,1,47,14,1,13,0,0,0,0,0,0,11,0,0,11,0,0,11,0,1,85,13,1,1,0,0,0,2,11,0,11,2,0,0,0,47,1
C:\Users\tanji\Desktop\FIT4003\raw_sourcecode\airbnb-lottie-android\airbnb-lottie-android-3.0.7\lottie\src\main\java\com\airbnb\lottie\model\content\RectangleShape.java,com.airbnb.lottie.model.content.RectangleShape,class,9,8,1,0,12,8,0,8,0,0,0,0,0,0,5,0,0,5,0,0,5,0,0,47,7,0,0,0,0,2,0,5,1,5,0,0,0,0,28,1
C:\Users\tanji\Desktop\FIT4003\raw_sourcecode\airbnb-lottie-android\airbnb-lottie-android-3.0.7\lottie\src\main\java\com\airbnb\lottie\model\content\Repeater.java,com.airbnb.lottie.model.content.Repeater,class,8,7,1,0,11,7,0,7,0,0,0,0,0,0,5,0,0,5,0,0,5,0,0,41,6,0,0,0,0,0,0,5,0,5,0,0,0,0,24,1
C:\Users\tanji\Desktop\FIT4003\raw_sourcecode\airbnb-lottie-android\airbnb-lottie-android-3.0.7\lottie\src\main\java\com\airbnb\lottie\model\content\ShapeData.java,com.airbnb.lottie.model.content.ShapeData,class,7,16,1,18,0,8,0,7,1,0,0,0,0,0,3,0,0,3,0,0,1,0,10,85,4,3,2,0,0,5,6,21,6,17,2,0,0,0,43,1
C:\Users\tanji\Desktop\FIT4003\raw_sourcecode\airbnb-lottie-android\airbnb-lottie-android-3.0.7\lottie\src\main\java\com\airbnb\lottie\model\content\ShapeFill.java,com.airbnb.lottie.model.content.ShapeFill,class,9,8,1,0,16,8,0,8,0,0,0,0,0,0,6,0,0,6,0,0,6,0,0,50,7,0,0,0,0,3,0,6,2,6,0,0,0,0,27,1
C:\Users\tanji\Desktop\FIT4003\raw_sourcecode\airbnb-lottie-android\airbnb-lottie-android-3.0.7\lottie\src\main\java\com\airbnb\lottie\model\content\ShapeGroup.java,com.airbnb.lottie.model.content.ShapeGroup,class,5,6,1,2,3,6,0,6,0,0,0,0,0,0,3,0,0,3,0,0,3,0,1,32,5,0,0,0,0,3,0,3,2,3,0,0,0,0,19,1
C:\Users\tanji\Desktop\FIT4003\raw_sourcecode\airbnb-lottie-android\airbnb-lottie-android-3.0.7\lottie\src\main\java\com\airbnb\lottie\model\content\ShapePath.java,com.airbnb.lottie.model.content.ShapePath,class,6,6,1,0,5,6,0,6,0,0,0,0,0,0,4,0,0,4,0,0,4,0,0,35,5,0,0,0,0,3,0,4,2,4,0,0,0,0,21,1
C:\Users\tanji\Desktop\FIT4003\raw_sourcecode\airbnb-lottie-android\airbnb-lottie-android-3.0.7\lottie\src\main\java\com\airbnb\lottie\model\content\ShapeStroke.java,com.airbnb.lottie.model.content.ShapeStroke,class,13,20,1,0,49,14,0,14,0,0,0,0,0,0,10,0,0,10,0,0,10,0,0,103,18,0,0,0,0,0,0,10,0,10,0,0,0,0,50,1
C:\Users\tanji\Desktop\FIT4003\raw_sourcecode\airbnb-lottie-android\airbnb-lottie-android-3.0.7\lottie\src\main\java\com\airbnb\lottie\model\content\ShapeTrimPath.java,com.airbnb.lottie.model.content.ShapeTrimPath,class,7,12,1,0,9,10,1,10,0,0,0,0,0,0,6,0,0,6,0,0,6,0,0,61,10,0,0,0,0,5,2,6,2,6,0,0,0,0,49,1
C:\Users\tanji\Desktop\FIT4003\raw_sourcecode\airbnb-lottie-android\airbnb-lottie-android-3.0.7\lottie\src\main\java\com\airbnb\lottie\model\CubicCurveData.java,com.airbnb.lottie.model.CubicCurveData,class,3,8,1,1,0,8,0,8,0,0,0,0,0,0,3,0,0,3,0,0,3,0,0,38,3,0,0,0,0,0,0,6,0,3,0,0,0,0,20,1
C:\Users\tanji\Desktop\FIT4003\raw_sourcecode\airbnb-lottie-android\airbnb-lottie-android-3.0.7\lottie\src\main\java\com\airbnb\lottie\model\DocumentData.java,com.airbnb.lottie.model.DocumentData,class,3,2,1,3,0,2,0,2,0,0,0,0,0,0,11,0,11,0,0,0,11,0,1,51,1,0,0,0,3,3,7,19,13,13,0,0,0,0,34,1
C:\Users\tanji\Desktop\FIT4003\raw_sourcecode\airbnb-lottie-android\airbnb-lottie-android-3.0.7\lottie\src\main\java\com\airbnb\lottie\model\Font.java,com.airbnb.lottie.model.Font,class,1,5,1,0,2,5,0,4,0,0,0,0,0,0,4,0,0,4,0,0,4,0,0,28,4,0,0,0,0,2,0,4,0,4,0,0,0,0,16,1
C:\Users\tanji\Desktop\FIT4003\raw_sourcecode\airbnb-lottie-android\airbnb-lottie-android-3.0.7\lottie\src\main\java\com\airbnb\lottie\model\FontCharacter.java,com.airbnb.lottie.model.FontCharacter,class,3,7,1,2,0,7,1,5,0,0,0,0,0,0,6,0,0,6,0,0,6,0,1,45,6,0,0,0,0,0,4,10,6,7,0,0,0,0,24,1
C:\Users\tanji\Desktop\FIT4003\raw_sourcecode\airbnb-lottie-android\airbnb-lottie-android-3.0.7\lottie\src\main\java\com\airbnb\lottie\model\KeyPath.java,com.airbnb.lottie.model.KeyPath,class,5,28,1,8,0,13,0,10,3,0,0,0,0,0,2,0,0,2,0,0,1,0,1,113,24,0,5,0,4,14,17,11,14,9,1,0,0,0,171,1
C:\Users\tanji\Desktop\FIT4003\raw_sourcecode\airbnb-lottie-android\airbnb-lottie-android-3.0.7\lottie\src\main\java\com\airbnb\lottie\model\KeyPathElement.java,com.airbnb.lottie.model.KeyPathElement,interface,5,2,1,0,1,2,0,0,0,0,0,0,0,0,0,0,0,0,0,0,0,0,0,12,0,0,0,0,0,0,0,0,0,0,-1,0,0,0,77,1
C:\Users\tanji\Desktop\FIT4003\raw_sourcecode\airbnb-lottie-android\airbnb-lottie-android-3.0.7\lottie\src\main\java\com\airbnb\lottie\model\layer\BaseLayer.java,com.airbnb.lottie.model.layer.BaseLayer,class,48,97,1,108,223,35,1,9,16,0,0,1,0,0,26,4,0,22,0,0,21,0,34,476,22,9,8,0,7,28,56,59,19,54,3,1,0,0,162,1025
C:\Users\tanji\Desktop\FIT4003\raw_sourcecode\airbnb-lottie-android\airbnb-lottie-android-3.0.7\lottie\src\main\java\com\airbnb\lottie\model\layer\CompositionLayer.java,com.airbnb.lottie.model.layer.CompositionLayer,class,21,37,2,45,0,8,0,6,0,1,0,0,0,0,6,0,0,6,0,0,3,0,3,167,6,8,6,0,2,3,25,40,8,27,4,0,0,0,64,1
C:\Users\tanji\Desktop\FIT4003\raw_sourcecode\airbnb-lottie-android\airbnb-lottie-android-3.0.7\lottie\src\main\java\com\airbnb\lottie\model\layer\ImageLayer.java,com.airbnb.lottie.model.layer.ImageLayer,class,23,11,2,18,8,5,0,3,1,0,0,0,0,0,4,0,0,4,0,0,3,0,3,69,2,0,3,0,2,1,6,9,4,8,2,0,0,0,39,1
C:\Users\tanji\Desktop\FIT4003\raw_sourcecode\airbnb-lottie-android\airbnb-lottie-android-3.0.7\lottie\src\main\java\com\airbnb\lottie\model\layer\Layer.java,com.airbnb.lottie.model.layer.Layer,class,12,32,1,17,246,25,0,6,0,0,0,0,0,0,22,0,0,22,0,0,22,0,1,178,24,2,0,0,0,12,2,26,1,24,2,0,0,0,64,1
C:\Users\tanji\Desktop\FIT4003\raw_sourcecode\airbnb-lottie-android\airbnb-lottie-android-3.0.7\lottie\src\main\java\com\airbnb\lottie\model\layer\NullLayer.java,com.airbnb.lottie.model.layer.NullLayer,class,6,3,2,2,3,3,0,1,0,0,0,0,0,0,0,0,0,0,0,0,0,0,0,16,0,0,0,0,0,0,4,0,0,0,0,0,0,0,18,1
C:\Users\tanji\Desktop\FIT4003\raw_sourcecode\airbnb-lottie-android\airbnb-lottie-android-3.0.7\lottie\src\main\java\com\airbnb\lottie\model\layer\ShapeLayer.java,com.airbnb.lottie.model.layer.ShapeLayer,class,10,4,2,7,0,4,0,1,0,1,0,0,0,0,1,0,0,1,0,0,1,0,2,33,0,0,0,0,0,1,0,2,0,2,0,0,0,0,30,1
C:\Users\tanji\Desktop\FIT4003\raw_sourcecode\airbnb-lottie-android\airbnb-lottie-android-3.0.7\lottie\src\main\java\com\airbnb\lottie\model\layer\SolidLayer.java,com.airbnb.lottie.model.layer.SolidLayer,class,21,10,2,22,0,4,0,3,0,0,0,0,0,0,6,0,0,6,0,0,5,0,0,80,1,0,4,0,2,1,33,18,6,9,2,0,0,0,40,1
C:\Users\tanji\Desktop\FIT4003\raw_sourcecode\airbnb-lottie-android\airbnb-lottie-android-3.0.7\lottie\src\main\java\com\airbnb\lottie\model\layer\TextLayer.java,com.airbnb.lottie.model.layer.TextLayer,class,40,70,2,99,93,18,0,2,14,0,0,0,0,0,14,0,0,14,0,0,10,0,21,354,13,9,20,0,4,6,38,87,29,78,2,2,0,0,116,1
C:\Users\tanji\Desktop\FIT4003\raw_sourcecode\airbnb-lottie-android\airbnb-lottie-android-3.0.7\lottie\src\main\java\com\airbnb\lottie\model\LottieCompositionCache.java,com.airbnb.lottie.model.LottieCompositionCache,class,7,8,1,4,0,6,1,5,0,0,0,0,0,0,2,1,0,2,0,0,2,0,0,36,4,0,2,0,0,0,1,2,0,2,1,0,0,0,33,1
C:\Users\tanji\Desktop\FIT4003\raw_sourcecode\airbnb-lottie-android\airbnb-lottie-android-3.0.7\lottie\src\main\java\com\airbnb\lottie\model\Marker.java,com.airbnb.lottie.model.Marker,class,0,5,1,4,0,2,0,2,0,0,0,0,0,0,4,1,2,2,0,0,3,0,0,21,3,0,0,0,0,1,2,4,1,4,1,0,0,0,20,1
C:\Users\tanji\Desktop\FIT4003\raw_sourcecode\airbnb-lottie-android\airbnb-lottie-android-3.0.7\lottie\src\main\java\com\airbnb\lottie\model\MutablePair.java,com.airbnb.lottie.model.MutablePair,class,5,8,1,4,0,5,1,4,1,0,0,0,0,0,2,0,0,0,0,0,0,0,4,33,5,0,3,0,4,3,2,3,1,3,1,0,0,0,51,1
C:\Users\tanji\Desktop\FIT4003\raw_sourcecode\airbnb-lottie-android\airbnb-lottie-android-3.0.7\lottie\src\main\java\com\airbnb\lottie\network\FileExtension.java,com.airbnb.lottie.network.FileExtension,enum,0,0,1,0,0,0,0,0,0,0,0,0,0,0,0,0,0,0,0,0,0,0,0,25,0,0,0,0,0,0,0,0,0,0,-1,0,-1,0,0,1
C:\Users\tanji\Desktop\FIT4003\raw_sourcecode\airbnb-lottie-android\airbnb-lottie-android-3.0.7\lottie\src\main\java\com\airbnb\lottie\network\NetworkCache.java,com.airbnb.lottie.network.NetworkCache,class,10,15,1,18,0,6,1,0,2,0,0,0,0,0,2,0,0,2,0,0,2,0,7,94,9,1,1,4,2,13,3,19,4,17,3,0,0,0,100,0
C:\Users\tanji\Desktop\FIT4003\raw_sourcecode\airbnb-lottie-android\airbnb-lottie-android-3.0.7\lottie\src\main\java\com\airbnb\lottie\network\NetworkFetcher.java,com.airbnb.lottie.network.NetworkFetcher,class,13,23,1,28,0,8,1,2,6,0,0,0,0,0,3,0,0,3,0,0,3,0,9,136,13,1,3,4,2,13,0,25,4,19,2,0,0,0,64,1
C:\Users\tanji\Desktop\FIT4003\raw_sourcecode\airbnb-lottie-android\airbnb-lottie-android-3.0.7\lottie\src\main\java\com\airbnb\lottie\OnCompositionLoadedListener.java,com.airbnb.lottie.OnCompositionLoadedListener,interface,2,1,1,0,0,1,0,0,0,0,0,0,0,0,0,0,0,0,0,0,0,0,0,6,0,0,0,0,0,0,0,0,0,0,-1,0,0,0,20,1
C:\Users\tanji\Desktop\FIT4003\raw_sourcecode\airbnb-lottie-android\airbnb-lottie-android-3.0.7\lottie\src\main\java\com\airbnb\lottie\parser\AnimatablePathValueParser.java,com.airbnb.lottie.parser.AnimatablePathValueParser,class,16,13,1,18,3,3,2,1,1,0,0,0,0,0,1,1,0,1,0,0,0,0,8,79,3,2,3,0,0,4,3,11,0,6,2,0,0,0,36,1
C:\Users\tanji\Desktop\FIT4003\raw_sourcecode\airbnb-lottie-android\airbnb-lottie-android-3.0.7\lottie\src\main\java\com\airbnb\lottie\parser\AnimatableTextPropertiesParser.java,com.airbnb.lottie.parser.AnimatableTextPropertiesParser,class,8,11,1,10,3,3,2,1,2,0,0,0,0,0,2,2,0,2,0,0,0,0,7,66,3,2,1,0,0,5,5,12,0,7,1,0,0,0,33,1
C:\Users\tanji\Desktop\FIT4003\raw_sourcecode\airbnb-lottie-android\airbnb-lottie-android-3.0.7\lottie\src\main\java\com\airbnb\lottie\parser\AnimatableTransformParser.java,com.airbnb.lottie.parser.AnimatableTransformParser,class,18,31,1,37,26,8,7,1,7,0,0,0,0,0,2,2,0,2,0,0,0,0,17,142,7,2,11,0,7,12,34,27,0,12,2,0,0,0,52,1
C:\Users\tanji\Desktop\FIT4003\raw_sourcecode\airbnb-lottie-android\airbnb-lottie-android-3.0.7\lottie\src\main\java\com\airbnb\lottie\parser\AnimatableValueParser.java,com.airbnb.lottie.parser.AnimatableValueParser,class,18,13,1,10,66,12,11,2,3,0,0,0,0,0,0,0,0,0,0,0,0,0,14,68,11,0,0,0,0,0,2,0,0,0,0,0,0,0,37,1
C:\Users\tanji\Desktop\FIT4003\raw_sourcecode\airbnb-lottie-android\airbnb-lottie-android-3.0.7\lottie\src\main\java\com\airbnb\lottie\parser\CircleShapeParser.java,com.airbnb.lottie.parser.CircleShapeParser,class,9,8,1,10,1,2,1,0,1,0,0,0,0,0,1,1,0,1,0,0,0,0,3,49,1,1,2,0,0,5,7,11,0,6,1,0,0,0,27,0
C:\Users\tanji\Desktop\FIT4003\raw_sourcecode\airbnb-lottie-android\airbnb-lottie-android-3.0.7\lottie\src\main\java\com\airbnb\lottie\parser\ColorParser.java,com.airbnb.lottie.parser.ColorParser,class,3,8,1,5,1,2,0,1,1,0,0,0,0,0,1,1,1,0,0,0,1,0,0,29,1,0,1,0,0,0,8,10,0,6,1,0,0,0,22,1
C:\Users\tanji\Desktop\FIT4003\raw_sourcecode\airbnb-lottie-android\airbnb-lottie-android-3.0.7\lottie\src\main\java\com\airbnb\lottie\parser\ContentModelParser.java,com.airbnb.lottie.parser.ContentModelParser,class,19,20,1,24,1,2,1,0,1,0,0,0,0,0,1,1,0,1,0,0,0,0,15,91,2,2,1,0,0,19,3,19,2,4,1,0,0,0,40,0
C:\Users\tanji\Desktop\FIT4003\raw_sourcecode\airbnb-lottie-android\airbnb-lottie-android-3.0.7\lottie\src\main\java\com\airbnb\lottie\parser\DocumentDataParser.java,com.airbnb.lottie.parser.DocumentDataParser,class,7,16,1,14,1,2,0,1,1,0,0,0,0,0,2,2,1,1,0,0,2,0,4,86,1,1,0,0,0,11,19,26,0,14,2,0,0,0,38,1
C:\Users\tanji\Desktop\FIT4003\raw_sourcecode\airbnb-lottie-android\airbnb-lottie-android-3.0.7\lottie\src\main\java\com\airbnb\lottie\parser\FloatParser.java,com.airbnb.lottie.parser.FloatParser,class,4,2,1,1,1,2,0,1,1,0,0,0,0,0,1,1,1,0,0,0,1,0,1,10,1,0,0,0,0,0,0,1,1,1,0,0,0,0,16,1
C:\Users\tanji\Desktop\FIT4003\raw_sourcecode\airbnb-lottie-android\airbnb-lottie-android-3.0.7\lottie\src\main\java\com\airbnb\lottie\parser\FontCharacterParser.java,com.airbnb.lottie.parser.FontCharacterParser,class,6,12,1,14,1,2,1,0,1,0,0,0,0,0,2,2,0,2,0,0,2,0,3,73,1,3,0,0,0,7,10,13,0,8,3,0,0,0,30,0
C:\Users\tanji\Desktop\FIT4003\raw_sourcecode\airbnb-lottie-android\airbnb-lottie-android-3.0.7\lottie\src\main\java\com\airbnb\lottie\parser\FontParser.java,com.airbnb.lottie.parser.FontParser,class,3,7,1,9,1,2,1,0,1,0,0,0,0,0,1,1,0,1,0,0,1,0,1,41,1,1,0,0,0,4,5,9,0,5,1,0,0,0,19,0
C:\Users\tanji\Desktop\FIT4003\raw_sourcecode\airbnb-lottie-android\airbnb-lottie-android-3.0.7\lottie\src\main\java\com\airbnb\lottie\parser\GradientColorParser.java,com.airbnb.lottie.parser.GradientColorParser,class,9,19,1,18,0,4,0,2,2,0,0,0,0,0,1,0,0,1,0,0,0,0,1,98,4,5,3,0,8,0,30,33,19,24,2,0,0,0,91,1
C:\Users\tanji\Desktop\FIT4003\raw_sourcecode\airbnb-lottie-android\airbnb-lottie-android-3.0.7\lottie\src\main\java\com\airbnb\lottie\parser\GradientFillParser.java,com.airbnb.lottie.parser.GradientFillParser,class,10,16,1,13,1,2,1,0,1,0,0,0,0,0,2,2,0,2,0,0,2,0,6,87,1,2,2,0,0,10,13,20,0,11,2,0,0,0,39,0
C:\Users\tanji\Desktop\FIT4003\raw_sourcecode\airbnb-lottie-android\airbnb-lottie-android-3.0.7\lottie\src\main\java\com\airbnb\lottie\parser\GradientStrokeParser.java,com.airbnb.lottie.parser.GradientStrokeParser,class,12,27,1,24,0,2,1,0,1,0,0,0,0,0,3,3,0,3,0,0,2,0,11,144,1,4,2,0,0,19,23,34,2,19,3,0,0,0,54,0
C:\Users\tanji\Desktop\FIT4003\raw_sourcecode\airbnb-lottie-android\airbnb-lottie-android-3.0.7\lottie\src\main\java\com\airbnb\lottie\parser\IntegerParser.java,com.airbnb.lottie.parser.IntegerParser,class,4,2,1,2,1,2,0,1,1,0,0,0,0,0,1,1,1,0,0,0,1,0,2,10,1,0,0,0,0,0,0,1,1,1,0,0,0,0,16,1
C:\Users\tanji\Desktop\FIT4003\raw_sourcecode\airbnb-lottie-android\airbnb-lottie-android-3.0.7\lottie\src\main\java\com\airbnb\lottie\parser\JsonUtils.java,com.airbnb.lottie.parser.JsonUtils,class,7,21,1,18,26,8,7,0,4,0,0,0,0,0,1,1,0,1,0,0,1,0,7,101,10,6,1,0,3,4,8,15,11,13,1,0,0,0,43,0
C:\Users\tanji\Desktop\FIT4003\raw_sourcecode\airbnb-lottie-android\airbnb-lottie-android-3.0.7\lottie\src\main\java\com\airbnb\lottie\parser\KeyframeParser.java,com.airbnb.lottie.parser.KeyframeParser,class,18,24,1,21,9,6,6,0,5,0,0,0,0,0,4,4,0,3,0,0,2,0,15,132,6,1,4,1,0,8,11,36,4,17,3,0,0,0,91,0
C:\Users\tanji\Desktop\FIT4003\raw_sourcecode\airbnb-lottie-android\airbnb-lottie-android-3.0.7\lottie\src\main\java\com\airbnb\lottie\parser\KeyframesParser.java,com.airbnb.lottie.parser.KeyframesParser,class,10,16,1,17,3,3,2,1,1,0,0,0,0,0,1,1,0,0,0,0,0,0,5,65,2,3,6,0,2,2,6,9,3,7,4,0,0,0,42,0
C:\Users\tanji\Desktop\FIT4003\raw_sourcecode\airbnb-lottie-android\airbnb-lottie-android-3.0.7\lottie\src\main\java\com\airbnb\lottie\parser\LayerParser.java,com.airbnb.lottie.parser.LayerParser,class,20,43,1,38,0,3,2,2,1,0,0,0,0,0,3,3,0,3,0,0,3,0,18,242,2,7,0,0,5,34,54,59,5,34,3,0,0,0,88,1
C:\Users\tanji\Desktop\FIT4003\raw_sourcecode\airbnb-lottie-android\airbnb-lottie-android-3.0.7\lottie\src\main\java\com\airbnb\lottie\parser\LottieCompositionMoshiParser.java,com.airbnb.lottie.parser.LottieCompositionMoshiParser,class,19,41,1,38,9,6,6,1,5,0,0,0,0,0,4,4,0,3,0,0,3,0,19,250,1,10,1,0,2,27,41,55,4,42,3,0,0,0,92,1
C:\Users\tanji\Desktop\FIT4003\raw_sourcecode\airbnb-lottie-android\airbnb-lottie-android-3.0.7\lottie\src\main\java\com\airbnb\lottie\parser\LottieCompositionParser.java,com.airbnb.lottie.parser.LottieCompositionParser,class,15,14,1,23,1,2,2,1,1,0,0,0,0,0,1,1,0,0,0,0,0,0,9,108,1,2,1,0,2,17,23,30,4,25,2,0,0,0,66,1
C:\Users\tanji\Desktop\FIT4003\raw_sourcecode\airbnb-lottie-android\airbnb-lottie-android-3.0.7\lottie\src\main\java\com\airbnb\lottie\parser\MaskParser.java,com.airbnb.lottie.parser.MaskParser,class,8,10,1,11,1,2,1,0,1,0,0,0,0,0,0,0,0,0,0,0,0,0,3,55,1,1,0,0,0,10,0,12,1,5,1,0,0,0,37,0
C:\Users\tanji\Desktop\FIT4003\raw_sourcecode\airbnb-lottie-android\airbnb-lottie-android-3.0.7\lottie\src\main\java\com\airbnb\lottie\parser\MergePathsParser.java,com.airbnb.lottie.parser.MergePathsParser,class,4,6,1,9,1,2,1,0,1,0,0,0,0,0,1,1,0,1,0,0,1,0,2,34,1,1,0,0,0,3,3,7,0,4,1,0,0,0,20,0
C:\Users\tanji\Desktop\FIT4003\raw_sourcecode\airbnb-lottie-android\airbnb-lottie-android-3.0.7\lottie\src\main\java\com\airbnb\lottie\parser\moshi\JsonDataException.java,com.airbnb.lottie.parser.moshi.JsonDataException,class,1,1,4,0,0,1,0,0,0,0,0,0,0,0,0,0,0,0,0,0,0,0,0,7,0,0,0,0,0,0,0,0,0,0,0,0,0,0,62,16
C:\Users\tanji\Desktop\FIT4003\raw_sourcecode\airbnb-lottie-android\airbnb-lottie-android-3.0.7\lottie\src\main\java\com\airbnb\lottie\parser\moshi\JsonEncodingException.java,com.airbnb.lottie.parser.moshi.JsonEncodingException,class,1,1,4,0,0,1,0,0,0,0,0,0,0,0,0,0,0,0,0,0,0,0,0,8,0,0,0,0,0,0,0,0,0,0,0,0,0,0,17,16
C:\Users\tanji\Desktop\FIT4003\raw_sourcecode\airbnb-lottie-android\airbnb-lottie-android-3.0.7\lottie\src\main\java\com\airbnb\lottie\parser\moshi\JsonReader.java,com.airbnb.lottie.parser.moshi.JsonReader,class,10,31,1,10,184,20,2,16,1,0,0,14,3,0,7,1,0,1,0,0,1,0,5,138,2,2,5,0,0,12,14,26,6,14,3,0,1,0,314,1025
C:\Users\tanji\Desktop\FIT4003\raw_sourcecode\airbnb-lottie-android\airbnb-lottie-android-3.0.7\lottie\src\main\java\com\airbnb\lottie\parser\moshi\JsonScope.java,com.airbnb.lottie.parser.moshi.JsonScope,class,1,12,1,4,0,2,1,0,1,0,0,0,0,0,8,8,0,0,0,0,8,0,0,37,1,1,0,0,0,0,9,10,0,10,2,0,0,0,102,16
C:\Users\tanji\Desktop\FIT4003\raw_sourcecode\airbnb-lottie-android\airbnb-lottie-android-3.0.7\lottie\src\main\java\com\airbnb\lottie\parser\moshi\JsonUtf8Reader.java,com.airbnb.lottie.parser.moshi.JsonUtf8Reader,class,10,276,2,44,0,32,0,16,15,0,0,0,0,0,39,33,0,39,0,0,35,0,6,855,78,9,108,3,9,73,109,219,69,104,3,0,0,0,236,16
C:\Users\tanji\Desktop\FIT4003\raw_sourcecode\airbnb-lottie-android\airbnb-lottie-android-3.0.7\lottie\src\main\java\com\airbnb\lottie\parser\moshi\LinkedHashTreeMap.java,com.airbnb.lottie.parser.moshi.LinkedHashTreeMap,class,9,97,6,29,242,24,2,8,8,0,0,0,0,0,9,1,0,3,0,0,2,0,9,592,19,6,23,1,28,9,58,129,25,74,3,3,6,0,318,16
C:\Users\tanji\Desktop\FIT4003\raw_sourcecode\airbnb-lottie-android\airbnb-lottie-android-3.0.7\lottie\src\main\java\com\airbnb\lottie\parser\PathKeyframeParser.java,com.airbnb.lottie.parser.PathKeyframeParser,class,7,2,1,3,1,2,1,0,1,0,0,0,0,0,0,0,0,0,0,0,0,0,2,19,1,0,1,0,0,0,0,2,0,2,0,0,0,0,14,0
C:\Users\tanji\Desktop\FIT4003\raw_sourcecode\airbnb-lottie-android\airbnb-lottie-android-3.0.7\lottie\src\main\java\com\airbnb\lottie\parser\PathParser.java,com.airbnb.lottie.parser.PathParser,class,5,2,1,1,1,2,0,1,1,0,0,0,0,0,1,1,1,0,0,0,1,0,1,11,1,0,0,0,0,0,0,1,0,1,0,0,0,0,17,1
C:\Users\tanji\Desktop\FIT4003\raw_sourcecode\airbnb-lottie-android\airbnb-lottie-android-3.0.7\lottie\src\main\java\com\airbnb\lottie\parser\PointFParser.java,com.airbnb.lottie.parser.PointFParser,class,7,6,1,5,1,2,0,1,1,0,0,0,0,0,1,1,1,0,0,0,1,0,2,26,3,1,3,0,0,1,0,3,3,3,2,0,0,0,25,1
C:\Users\tanji\Desktop\FIT4003\raw_sourcecode\airbnb-lottie-android\airbnb-lottie-android-3.0.7\lottie\src\main\java\com\airbnb\lottie\parser\PolystarShapeParser.java,com.airbnb.lottie.parser.PolystarShapeParser,class,10,13,1,12,1,2,1,0,1,0,0,0,0,0,1,1,0,1,0,0,1,0,9,76,1,1,0,0,0,10,10,21,0,11,1,0,0,0,32,0
C:\Users\tanji\Desktop\FIT4003\raw_sourcecode\airbnb-lottie-android\airbnb-lottie-android-3.0.7\lottie\src\main\java\com\airbnb\lottie\parser\RectangleShapeParser.java,com.airbnb.lottie.parser.RectangleShapeParser,class,10,8,1,9,1,2,1,0,1,0,0,0,0,0,1,1,0,1,0,0,0,0,4,51,1,1,0,0,0,5,5,11,0,6,1,0,0,0,28,0
C:\Users\tanji\Desktop\FIT4003\raw_sourcecode\airbnb-lottie-android\airbnb-lottie-android-3.0.7\lottie\src\main\java\com\airbnb\lottie\parser\RepeaterParser.java,com.airbnb.lottie.parser.RepeaterParser,class,8,8,1,8,1,2,1,0,1,0,0,0,0,0,1,1,0,1,0,0,0,0,4,48,1,1,0,0,0,5,5,11,0,6,1,0,0,0,27,0
C:\Users\tanji\Desktop\FIT4003\raw_sourcecode\airbnb-lottie-android\airbnb-lottie-android-3.0.7\lottie\src\main\java\com\airbnb\lottie\parser\ScaleXYParser.java,com.airbnb.lottie.parser.ScaleXYParser,class,4,5,1,6,1,2,0,1,1,0,0,0,0,0,1,1,1,0,0,0,1,0,0,25,1,1,1,0,0,0,2,4,4,4,1,0,0,0,22,1
C:\Users\tanji\Desktop\FIT4003\raw_sourcecode\airbnb-lottie-android\airbnb-lottie-android-3.0.7\lottie\src\main\java\com\airbnb\lottie\parser\ShapeDataParser.java,com.airbnb.lottie.parser.ShapeDataParser,class,10,15,1,18,1,2,0,1,1,0,0,0,0,0,2,2,1,1,0,0,2,0,9,84,2,2,5,0,0,5,12,27,4,21,1,0,0,0,48,1
C:\Users\tanji\Desktop\FIT4003\raw_sourcecode\airbnb-lottie-android\airbnb-lottie-android-3.0.7\lottie\src\main\java\com\airbnb\lottie\parser\ShapeFillParser.java,com.airbnb.lottie.parser.ShapeFillParser,class,8,10,1,10,1,2,1,0,1,0,0,0,0,0,1,1,0,1,0,0,1,0,3,56,1,1,1,0,0,6,8,14,0,8,1,0,0,0,31,0
C:\Users\tanji\Desktop\FIT4003\raw_sourcecode\airbnb-lottie-android\airbnb-lottie-android-3.0.7\lottie\src\main\java\com\airbnb\lottie\parser\ShapeGroupParser.java,com.airbnb.lottie.parser.ShapeGroupParser,class,6,8,1,10,0,2,1,0,1,0,0,0,0,0,1,1,0,1,0,0,0,0,2,45,1,2,0,0,0,3,3,7,0,5,3,0,0,0,26,0
C:\Users\tanji\Desktop\FIT4003\raw_sourcecode\airbnb-lottie-android\airbnb-lottie-android-3.0.7\lottie\src\main\java\com\airbnb\lottie\parser\ShapePathParser.java,com.airbnb.lottie.parser.ShapePathParser,class,6,7,1,8,1,2,1,0,1,0,0,0,0,0,1,1,0,0,0,0,0,0,2,42,1,1,0,0,0,4,5,9,0,5,1,0,0,0,25,0
C:\Users\tanji\Desktop\FIT4003\raw_sourcecode\airbnb-lottie-android\airbnb-lottie-android-3.0.7\lottie\src\main\java\com\airbnb\lottie\parser\ShapeStrokeParser.java,com.airbnb.lottie.parser.ShapeStrokeParser,class,10,20,1,22,1,2,1,0,1,0,0,0,0,0,2,2,0,2,0,0,1,0,8,110,1,3,1,0,0,14,16,25,2,14,3,0,0,0,48,0
C:\Users\tanji\Desktop\FIT4003\raw_sourcecode\airbnb-lottie-android\airbnb-lottie-android-3.0.7\lottie\src\main\java\com\airbnb\lottie\parser\ShapeTrimPathParser.java,com.airbnb.lottie.parser.ShapeTrimPathParser,class,7,9,1,9,0,2,1,0,1,0,0,0,0,0,1,1,0,1,0,0,0,0,5,52,1,1,0,0,0,6,6,13,0,7,1,0,0,0,30,0
C:\Users\tanji\Desktop\FIT4003\raw_sourcecode\airbnb-lottie-android\airbnb-lottie-android-3.0.7\lottie\src\main\java\com\airbnb\lottie\parser\ValueParser.java,com.airbnb.lottie.parser.ValueParser,interface,2,1,1,0,0,1,0,0,0,0,0,0,0,0,0,0,0,0,0,0,0,0,0,6,0,0,0,0,0,0,0,0,0,0,-1,0,0,0,8,0
C:\Users\tanji\Desktop\FIT4003\raw_sourcecode\airbnb-lottie-android\airbnb-lottie-android-3.0.7\lottie\src\main\java\com\airbnb\lottie\PerformanceTracker.java,com.airbnb.lottie.PerformanceTracker,class,6,15,1,21,0,7,0,6,0,0,0,0,0,0,4,0,0,4,0,0,3,0,3,83,4,3,1,0,0,4,1,11,0,9,2,1,1,0,41,1
C:\Users\tanji\Desktop\FIT4003\raw_sourcecode\airbnb-lottie-android\airbnb-lottie-android-3.0.7\lottie\src\main\java\com\airbnb\lottie\RenderMode.java,com.airbnb.lottie.RenderMode,enum,0,0,1,0,0,0,0,0,0,0,0,0,0,0,0,0,0,0,0,0,0,0,0,6,0,0,0,0,0,0,0,0,0,0,-1,0,-1,0,0,1
C:\Users\tanji\Desktop\FIT4003\raw_sourcecode\airbnb-lottie-android\airbnb-lottie-android-3.0.7\lottie\src\main\java\com\airbnb\lottie\SimpleColorFilter.java,com.airbnb.lottie.SimpleColorFilter,class,2,1,2,0,0,1,0,1,0,0,0,0,0,0,0,0,0,0,0,0,0,0,0,9,0,0,0,0,0,1,0,0,0,0,0,0,0,0,47,1
C:\Users\tanji\Desktop\FIT4003\raw_sourcecode\airbnb-lottie-android\airbnb-lottie-android-3.0.7\lottie\src\main\java\com\airbnb\lottie\TextDelegate.java,com.airbnb.lottie.TextDelegate,class,5,15,1,9,19,10,0,7,2,0,0,0,1,0,4,0,0,4,0,0,3,0,0,62,3,0,0,0,0,3,0,10,0,5,1,0,0,0,70,1
C:\Users\tanji\Desktop\FIT4003\raw_sourcecode\airbnb-lottie-android\airbnb-lottie-android-3.0.7\lottie\src\main\java\com\airbnb\lottie\utils\BaseLottieAnimator.java,com.airbnb.lottie.utils.BaseLottieAnimator,class,5,22,2,10,51,15,0,10,0,0,0,0,0,0,2,0,0,2,0,0,2,0,0,74,0,5,0,0,0,4,0,2,0,2,2,0,0,0,35,1025
C:\Users\tanji\Desktop\FIT4003\raw_sourcecode\airbnb-lottie-android\airbnb-lottie-android-3.0.7\lottie\src\main\java\com\airbnb\lottie\utils\GammaEvaluator.java,com.airbnb.lottie.utils.GammaEvaluator,class,1,5,1,4,3,3,3,1,2,0,0,0,0,0,0,0,0,0,0,0,0,0,15,35,3,0,0,0,21,0,40,22,40,12,0,0,0,0,47,1
C:\Users\tanji\Desktop\FIT4003\raw_sourcecode\airbnb-lottie-android\airbnb-lottie-android-3.0.7\lottie\src\main\java\com\airbnb\lottie\utils\LogcatLogger.java,com.airbnb.lottie.utils.LogcatLogger,class,2,6,1,6,6,4,0,4,0,0,0,0,0,0,1,1,0,1,0,0,1,0,0,27,1,0,0,0,0,0,0,1,0,1,1,0,0,0,26,1
C:\Users\tanji\Desktop\FIT4003\raw_sourcecode\airbnb-lottie-android\airbnb-lottie-android-3.0.7\lottie\src\main\java\com\airbnb\lottie\utils\Logger.java,com.airbnb.lottie.utils.Logger,class,2,5,1,4,0,5,5,5,0,0,0,0,0,0,1,1,0,1,0,0,0,0,0,20,0,0,0,0,0,0,0,2,0,1,0,0,0,0,31,1
C:\Users\tanji\Desktop\FIT4003\raw_sourcecode\airbnb-lottie-android\airbnb-lottie-android-3.0.7\lottie\src\main\java\com\airbnb\lottie\utils\LottieValueAnimator.java,com.airbnb.lottie.utils.LottieValueAnimator,class,9,67,3,37,259,31,0,25,3,3,0,0,0,0,9,0,0,8,1,0,0,0,11,222,20,0,18,0,7,2,22,43,12,18,3,0,0,0,118,1
C:\Users\tanji\Desktop\FIT4003\raw_sourcecode\airbnb-lottie-android\airbnb-lottie-android-3.0.7\lottie\src\main\java\com\airbnb\lottie\utils\MeanCalculator.java,com.airbnb.lottie.utils.MeanCalculator,class,0,4,1,0,0,2,0,2,0,0,0,0,0,0,2,0,0,2,0,0,0,0,0,19,2,0,2,0,0,0,4,3,1,2,1,0,0,0,20,1
C:\Users\tanji\Desktop\FIT4003\raw_sourcecode\airbnb-lottie-android\airbnb-lottie-android-3.0.7\lottie\src\main\java\com\airbnb\lottie\utils\MiscUtils.java,com.airbnb.lottie.utils.MiscUtils,class,10,19,1,26,66,12,12,9,2,0,0,0,0,0,1,1,0,1,0,0,0,0,6,76,10,1,0,0,5,0,9,11,15,10,2,0,0,0,76,1
C:\Users\tanji\Desktop\FIT4003\raw_sourcecode\airbnb-lottie-android\airbnb-lottie-android-3.0.7\lottie\src\main\java\com\airbnb\lottie\utils\Utils.java,com.airbnb.lottie.utils.Utils,class,20,48,1,39,76,13,12,12,1,0,0,0,0,0,7,7,1,6,0,0,6,0,15,215,20,0,9,1,10,6,53,47,22,27,2,0,0,0,122,17
C:\Users\tanji\Desktop\FIT4003\raw_sourcecode\airbnb-lottie-android\airbnb-lottie-android-3.0.7\lottie\src\main\java\com\airbnb\lottie\value\Keyframe.java,com.airbnb.lottie.value.Keyframe,class,7,20,1,4,0,11,0,11,0,0,0,0,0,0,16,2,7,9,0,0,6,0,0,105,11,0,10,0,1,8,7,32,7,19,2,0,0,0,49,1
C:\Users\tanji\Desktop\FIT4003\raw_sourcecode\airbnb-lottie-android\airbnb-lottie-android-3.0.7\lottie\src\main\java\com\airbnb\lottie\value\LottieFrameInfo.java,com.airbnb.lottie.value.LottieFrameInfo,class,3,8,1,0,14,8,0,8,0,0,0,0,0,0,7,0,0,7,0,0,0,0,0,51,8,0,0,0,0,0,0,7,0,7,0,0,0,0,38,1
C:\Users\tanji\Desktop\FIT4003\raw_sourcecode\airbnb-lottie-android\airbnb-lottie-android-3.0.7\lottie\src\main\java\com\airbnb\lottie\value\LottieInterpolatedFloatValue.java,com.airbnb.lottie.value.LottieInterpolatedFloatValue,class,3,3,3,1,3,3,0,2,0,0,0,0,0,0,0,0,0,0,0,0,0,0,1,15,1,0,0,0,0,1,0,0,0,0,0,0,0,0,9,1
C:\Users\tanji\Desktop\FIT4003\raw_sourcecode\airbnb-lottie-android\airbnb-lottie-android-3.0.7\lottie\src\main\java\com\airbnb\lottie\value\LottieInterpolatedIntegerValue.java,com.airbnb.lottie.value.LottieInterpolatedIntegerValue,class,3,3,3,1,3,3,0,2,0,0,0,0,0,0,0,0,0,0,0,0,0,0,1,15,1,0,0,0,0,1,0,0,0,0,0,0,0,0,9,1
C:\Users\tanji\Desktop\FIT4003\raw_sourcecode\airbnb-lottie-android\airbnb-lottie-android-3.0.7\lottie\src\main\java\com\airbnb\lottie\value\LottieInterpolatedPointValue.java,com.airbnb.lottie.value.LottieInterpolatedPointValue,class,5,3,3,2,3,3,0,2,0,0,0,0,0,0,1,0,0,1,0,0,1,0,2,21,1,0,0,0,0,1,0,1,0,1,0,0,0,0,11,1
C:\Users\tanji\Desktop\FIT4003\raw_sourcecode\airbnb-lottie-android\airbnb-lottie-android-3.0.7\lottie\src\main\java\com\airbnb\lottie\value\LottieInterpolatedValue.java,com.airbnb.lottie.value.LottieInterpolatedValue,class,6,4,2,3,0,4,0,1,0,0,0,1,0,0,3,0,0,3,0,0,3,0,0,21,1,0,0,0,0,0,0,4,0,4,0,0,0,0,14,1024
C:\Users\tanji\Desktop\FIT4003\raw_sourcecode\airbnb-lottie-android\airbnb-lottie-android-3.0.7\lottie\src\main\java\com\airbnb\lottie\value\LottieRelativeFloatValueCallback.java,com.airbnb.lottie.value.LottieRelativeFloatValueCallback,class,5,5,2,5,6,4,0,4,0,0,0,0,0,0,0,0,0,0,0,0,0,0,1,28,2,0,1,0,0,4,0,2,2,2,1,0,0,0,33,1
C:\Users\tanji\Desktop\FIT4003\raw_sourcecode\airbnb-lottie-android\airbnb-lottie-android-3.0.7\lottie\src\main\java\com\airbnb\lottie\value\LottieRelativeIntegerValueCallback.java,com.airbnb.lottie.value.LottieRelativeIntegerValueCallback,class,4,3,2,5,1,2,0,2,0,0,0,0,0,0,0,0,0,0,0,0,0,0,1,22,2,0,1,0,0,4,0,2,2,2,1,0,0,0,39,1
C:\Users\tanji\Desktop\FIT4003\raw_sourcecode\airbnb-lottie-android\airbnb-lottie-android-3.0.7\lottie\src\main\java\com\airbnb\lottie\value\LottieRelativePointValueCallback.java,com.airbnb.lottie.value.LottieRelativePointValueCallback,class,7,5,2,7,6,4,0,4,0,0,0,0,1,0,1,0,0,1,0,0,1,0,2,36,2,0,1,0,0,4,0,2,1,2,1,0,0,0,41,1
C:\Users\tanji\Desktop\FIT4003\raw_sourcecode\airbnb-lottie-android\airbnb-lottie-android-3.0.7\lottie\src\main\java\com\airbnb\lottie\value\LottieValueCallback.java,com.airbnb.lottie.value.LottieValueCallback,class,7,7,1,3,5,6,0,6,0,0,0,0,3,0,3,0,0,2,1,0,1,0,0,51,2,0,0,0,0,0,0,5,0,3,1,0,0,0,42,1
C:\Users\tanji\Desktop\FIT4003\raw_sourcecode\airbnb-lottie-android\airbnb-lottie-android-3.0.7\lottie\src\main\java\com\airbnb\lottie\value\ScaleXY.java,com.airbnb.lottie.value.ScaleXY,class,1,7,1,2,3,7,0,7,0,0,0,0,0,0,2,0,0,2,0,0,0,0,0,28,4,0,2,0,0,1,2,4,1,2,0,0,0,0,11,1
C:\Users\tanji\Desktop\FIT4003\raw_sourcecode\airbnb-lottie-android\airbnb-lottie-android-3.0.7\lottie\src\main\java\com\airbnb\lottie\value\SimpleLottieValueCallback.java,com.airbnb.lottie.value.SimpleLottieValueCallback,interface,2,1,1,0,0,1,0,0,0,0,0,0,0,0,0,0,0,0,0,0,0,0,0,4,0,0,0,0,0,0,0,0,0,0,-1,0,0,0,32,1
C:\Users\tanji\Desktop\FIT4003\raw_sourcecode\airbnb-lottie-android\airbnb-lottie-android-3.0.7\lottie\src\test\java\com\airbnb\lottie\BaseTest.java,com.airbnb.lottie.BaseTest,class,4,0,1,0,0,0,0,0,0,0,0,0,0,0,0,0,0,0,0,0,0,0,0,10,0,0,0,0,0,0,0,0,0,0,-1,0,0,0,2,1
C:\Users\tanji\Desktop\FIT4003\raw_sourcecode\airbnb-lottie-android\airbnb-lottie-android-3.0.7\lottie\src\test\java\com\airbnb\lottie\Fixtures.java,com.airbnb.lottie.Fixtures,class,0,0,1,0,0,0,0,0,0,0,0,0,0,0,1,1,0,0,0,0,1,0,0,84,0,0,0,0,0,81,0,1,1,1,-1,0,0,0,12,0
C:\Users\tanji\Desktop\FIT4003\raw_sourcecode\airbnb-lottie-android\airbnb-lottie-android-3.0.7\lottie\src\test\java\com\airbnb\lottie\KeyPathTest.java,com.airbnb.lottie.KeyPathTest,class,9,64,2,7,0,64,0,63,1,0,0,0,0,0,5,4,0,5,0,0,4,0,1,96,0,0,0,0,0,8,149,8,0,8,0,0,0,0,27,1
C:\Users\tanji\Desktop\FIT4003\raw_sourcecode\airbnb-lottie-android\airbnb-lottie-android-3.0.7\lottie\src\test\java\com\airbnb\lottie\LottieCompositionFactoryTest.java,com.airbnb.lottie.LottieCompositionFactoryTest,class,10,13,2,20,46,13,0,13,0,0,0,0,0,0,2,2,0,2,0,0,2,0,26,110,0,0,4,0,0,19,4,24,1,24,0,0,0,0,58,1
C:\Users\tanji\Desktop\FIT4003\raw_sourcecode\airbnb-lottie-android\airbnb-lottie-android-3.0.7\lottie\src\test\java\com\airbnb\lottie\LottieDrawableTest.java,com.airbnb.lottie.LottieDrawableTest,class,12,5,2,9,10,5,0,4,1,0,0,0,0,0,0,0,0,0,0,0,0,0,0,57,1,0,0,0,0,1,24,9,0,9,0,0,0,0,18,1
C:\Users\tanji\Desktop\FIT4003\raw_sourcecode\airbnb-lottie-android\airbnb-lottie-android-3.0.7\lottie\src\test\java\com\airbnb\lottie\LottieTaskTest.java,com.airbnb.lottie.LottieTaskTest,class,9,6,2,9,0,5,0,5,0,0,0,0,0,0,2,0,2,0,0,0,0,0,0,81,0,0,0,1,0,1,6,6,0,8,1,5,0,0,35,1
C:\Users\tanji\Desktop\FIT4003\raw_sourcecode\airbnb-lottie-android\airbnb-lottie-android-3.0.7\lottie\src\test\java\com\airbnb\lottie\LottieValueAnimatorUnitTest.java,com.airbnb.lottie.LottieValueAnimatorUnitTest,class,20,38,2,31,0,37,1,33,4,0,0,0,0,0,5,0,0,5,0,0,0,0,52,346,2,1,0,0,0,0,100,17,1,16,1,8,1,0,103,1
C:\Users\tanji\Desktop\FIT4003\raw_sourcecode\airbnb-lottie-android\airbnb-lottie-android-3.0.7\lottie\src\test\java\com\airbnb\lottie\MeanCalculatorTest.java,com.airbnb.lottie.MeanCalculatorTest,class,3,8,1,4,0,7,0,7,0,0,0,0,0,0,1,0,0,1,0,0,0,0,0,49,0,1,0,0,1,0,17,2,7,2,1,0,0,0,22,1
C:\Users\tanji\Desktop\FIT4003\raw_sourcecode\airbnb-lottie-android\airbnb-lottie-android-3.0.7\lottie\src\test\java\com\airbnb\lottie\model\LottieCompositionCacheTest.java,com.airbnb.lottie.model.LottieCompositionCacheTest,class,5,4,2,5,0,4,0,4,0,0,0,0,0,0,2,0,0,2,0,0,0,0,0,36,0,0,0,0,0,5,0,2,0,2,0,0,0,0,16,1
C:\Users\tanji\Desktop\FIT4003\raw_sourcecode\airbnb-lottie-android\airbnb-lottie-android-3.0.7\lottie\src\test\java\com\airbnb\lottie\model\MarkerTest.java,com.airbnb.lottie.model.MarkerTest,class,2,1,1,2,0,1,0,1,0,0,0,0,0,0,0,0,0,0,0,0,0,0,0,10,0,0,0,0,0,2,2,1,0,1,0,0,0,0,9,1
C:\Users\tanji\Desktop\FIT4003\raw_sourcecode\airbnb-lottie-android\airbnb-lottie-android-3.0.7\lottie\src\test\java\com\airbnb\lottie\PerformanceTrackerTest.java,com.airbnb.lottie.PerformanceTrackerTest,class,5,6,1,9,0,6,0,6,0,0,0,0,0,0,1,0,0,1,0,0,0,0,0,63,0,0,0,0,0,16,32,5,0,5,0,0,0,0,26,1
C:\Users\tanji\Desktop\FIT4003\raw_sourcecode\airbnb-lottie-android\airbnb-lottie-android-3.0.7\LottieSample\src\main\kotlin\com\airbnb\lottie\samples\FontFragment.java,com.airbnb.lottie.samples.FontFragment,class,12,3,2,5,0,3,1,2,0,0,0,0,0,0,2,0,0,1,0,0,0,0,0,31,2,0,0,0,0,1,0,2,0,3,0,0,0,0,24,1
C:\Users\tanji\Desktop\FIT4003\raw_sourcecode\airbnb-lottie-android\airbnb-lottie-android-3.0.7\LottieSample\src\main\kotlin\com\airbnb\lottie\samples\TestColorFilterActivity.java,com.airbnb.lottie.samples.TestColorFilterActivity,class,3,1,2,2,0,1,0,0,0,1,0,0,0,0,0,0,0,0,0,0,0,0,0,10,0,0,0,0,0,0,0,0,0,0,0,0,0,0,15,1
